-- phpMyAdmin SQL Dump
-- version 4.7.0
-- https://www.phpmyadmin.net/
--
-- Host: localhost
-- Generation Time: Jan 14, 2018 at 05:50 AM
-- Server version: 10.1.21-MariaDB
-- PHP Version: 5.6.30

SET SQL_MODE = "NO_AUTO_VALUE_ON_ZERO";
SET AUTOCOMMIT = 0;
START TRANSACTION;
SET time_zone = "+00:00";


/*!40101 SET @OLD_CHARACTER_SET_CLIENT=@@CHARACTER_SET_CLIENT */;
/*!40101 SET @OLD_CHARACTER_SET_RESULTS=@@CHARACTER_SET_RESULTS */;
/*!40101 SET @OLD_COLLATION_CONNECTION=@@COLLATION_CONNECTION */;
/*!40101 SET NAMES utf8mb4 */;

--
-- Database: `db_sor`
--

-- --------------------------------------------------------

--
-- Table structure for table `dat_booking`
--

CREATE TABLE `dat_booking` (
  `Booking_Kode` varchar(13) NOT NULL,
  `Booking_Sekarang` date NOT NULL,
  `Booking_Main` date NOT NULL,
  `Booking_Dp` double NOT NULL,
  `Booking_Total` double NOT NULL,
  `Booking_Status` varchar(5) NOT NULL,
  `Cabor_Kode` varchar(2) NOT NULL,
  `Sor_Kode` varchar(5) NOT NULL,
  `Id_User` int(11) NOT NULL,
  `Booking_Batas` timestamp NULL DEFAULT NULL,
  `Booking_Ganti` int(11) NOT NULL DEFAULT '0'
) ENGINE=InnoDB DEFAULT CHARSET=latin1;

-- --------------------------------------------------------

--
-- Table structure for table `dat_booking_detail`
--

CREATE TABLE `dat_booking_detail` (
  `Detail_Id` int(13) NOT NULL,
  `Harga_Id` double NOT NULL,
  `Booking_Kode` int(13) NOT NULL
) ENGINE=InnoDB DEFAULT CHARSET=latin1;

-- --------------------------------------------------------

--
-- Table structure for table `dat_trans`
--

CREATE TABLE `dat_trans` (
  `Trans_Kode` varchar(13) NOT NULL,
  `Trans_Tanggal` date NOT NULL,
  `Trans_Harga` double NOT NULL,
  `Trans_Durasi` int(1) NOT NULL,
  `Trans_Satuan` varchar(10) NOT NULL,
  `Trans_Total` double NOT NULL,
  `Trans_Status` int(11) NOT NULL,
  `Sor_Kode` varchar(5) NOT NULL
) ENGINE=InnoDB DEFAULT CHARSET=latin1;

-- --------------------------------------------------------

--
-- Table structure for table `groups`
--

CREATE TABLE `groups` (
  `id` mediumint(8) UNSIGNED NOT NULL,
  `name` varchar(20) NOT NULL,
  `description` varchar(100) NOT NULL
) ENGINE=InnoDB DEFAULT CHARSET=utf8;

--
-- Dumping data for table `groups`
--

INSERT INTO `groups` (`id`, `name`, `description`) VALUES
(1, 'admin', 'Administrator'),
(2, 'customer', 'General User');

-- --------------------------------------------------------

--
-- Table structure for table `login_attempts`
--

CREATE TABLE `login_attempts` (
  `id` int(11) UNSIGNED NOT NULL,
  `ip_address` varchar(45) NOT NULL,
  `login` varchar(100) NOT NULL,
  `time` int(11) UNSIGNED DEFAULT NULL
) ENGINE=InnoDB DEFAULT CHARSET=utf8;

-- --------------------------------------------------------

--
-- Table structure for table `ref_cabor`
--

CREATE TABLE `ref_cabor` (
  `Cabor_Kode` varchar(2) NOT NULL,
  `Cabor_Nama` varchar(15) NOT NULL,
  `Cabor_Tipe` varchar(2) NOT NULL
) ENGINE=InnoDB DEFAULT CHARSET=latin1;

--
-- Dumping data for table `ref_cabor`
--

INSERT INTO `ref_cabor` (`Cabor_Kode`, `Cabor_Nama`, `Cabor_Tipe`) VALUES
('BS', 'Basket', 'B'),
('BT', 'Bulu Tangkis', 'B'),
('BV', 'Bola Voli ', 'B'),
('FS', 'Futsal', 'B'),
('GY', 'Gym', 'T'),
('PH', 'Panahan', 'B'),
('RN', 'Renang', 'T'),
('TM', 'Tenis Meja', 'B');

-- --------------------------------------------------------

--
-- Table structure for table `ref_harga`
--

CREATE TABLE `ref_harga` (
  `Harga_Id` int(11) NOT NULL,
  `Harga_Hari` varchar(8) NOT NULL,
  `Harga_Jam` varchar(11) NOT NULL,
  `Harga_Biaya` double NOT NULL,
  `Sor_Kode` varchar(5) NOT NULL
) ENGINE=InnoDB DEFAULT CHARSET=latin1;

--
-- Dumping data for table `ref_harga`
--

INSERT INTO `ref_harga` (`Harga_Id`, `Harga_Hari`, `Harga_Jam`, `Harga_Biaya`, `Sor_Kode`) VALUES
(1, '-', '-', 20000, 'RN001'),
(2, '-', '-', 10000, 'GY001'),
(150, 'Senin', '07.00-08.00', 80000, 'FS001'),
(151, 'Senin', '08.00-09.00', 80000, 'FS001'),
(152, 'Senin', '09.00-10.00', 80000, 'FS001'),
(153, 'Senin', '10.00-11.00', 80000, 'FS001'),
(154, 'Senin', '11.00-12.00', 80000, 'FS001'),
(155, 'Senin', '12.00-13.00', 80000, 'FS001'),
(156, 'Senin', '13.00-14.00', 80000, 'FS001'),
(157, 'Senin', '14.00-15.00', 80000, 'FS001'),
(158, 'Senin', '15.00-16.00', 80000, 'FS001'),
(159, 'Senin', '16.00-17.00', 80000, 'FS001'),
(160, 'Senin', '17.00-18.00', 80000, 'FS001'),
(161, 'Senin', '18.00-19.00', 80000, 'FS001'),
(162, 'Senin', '19.00-20.00', 80000, 'FS001'),
(163, 'Senin', '20.00-21.00', 80000, 'FS001'),
(164, 'Senin', '21.00-22.00', 80000, 'FS001'),
(165, 'Senin', '22.00-23.00', 80000, 'FS001'),
(166, 'Selasa', '07.00-08.00', 80000, 'FS001'),
(167, 'Selasa', '08.00-09.00', 80000, 'FS001'),
(168, 'Selasa', '09.00-10.00', 80000, 'FS001'),
(169, 'Selasa', '10.00-11.00', 80000, 'FS001'),
(170, 'Selasa', '11.00-12.00', 80000, 'FS001'),
(171, 'Selasa', '12.00-13.00', 80000, 'FS001'),
(172, 'Selasa', '13.00-14.00', 80000, 'FS001'),
(173, 'Selasa', '14.00-15.00', 80000, 'FS001'),
(174, 'Selasa', '15.00-16.00', 80000, 'FS001'),
(175, 'Selasa', '16.00-17.00', 80000, 'FS001'),
(176, 'Selasa', '17.00-18.00', 80000, 'FS001'),
(177, 'Selasa', '18.00-19.00', 80000, 'FS001'),
(178, 'Selasa', '19.00-20.00', 80000, 'FS001'),
(179, 'Selasa', '20.00-21.00', 80000, 'FS001'),
(180, 'Selasa', '21.00-22.00', 80000, 'FS001'),
(181, 'Selasa', '22.00-23.00', 80000, 'FS001'),
(182, 'Rabu', '07.00-08.00', 80000, 'FS001'),
(183, 'Rabu', '08.00-09.00', 80000, 'FS001'),
(184, 'Rabu', '09.00-10.00', 80000, 'FS001'),
(185, 'Rabu', '10.00-11.00', 80000, 'FS001'),
(186, 'Rabu', '11.00-12.00', 80000, 'FS001'),
(187, 'Rabu', '12.00-13.00', 80000, 'FS001'),
(188, 'Rabu', '13.00-14.00', 80000, 'FS001'),
(189, 'Rabu', '14.00-15.00', 80000, 'FS001'),
(190, 'Rabu', '15.00-16.00', 80000, 'FS001'),
(191, 'Rabu', '16.00-17.00', 80000, 'FS001'),
(192, 'Rabu', '17.00-18.00', 80000, 'FS001'),
(193, 'Rabu', '18.00-19.00', 80000, 'FS001'),
(194, 'Rabu', '19.00-20.00', 80000, 'FS001'),
(195, 'Rabu', '20.00-21.00', 80000, 'FS001'),
(196, 'Rabu', '21.00-22.00', 80000, 'FS001'),
(197, 'Rabu', '22.00-23.00', 80000, 'FS001'),
(198, 'Kamis', '07.00-08.00', 80000, 'FS001'),
(199, 'Kamis', '08.00-09.00', 80000, 'FS001'),
(200, 'Kamis', '09.00-10.00', 80000, 'FS001'),
(201, 'Kamis', '10.00-11.00', 80000, 'FS001'),
(202, 'Kamis', '11.00-12.00', 80000, 'FS001'),
(203, 'Kamis', '12.00-13.00', 80000, 'FS001'),
(204, 'Kamis', '13.00-14.00', 80000, 'FS001'),
(205, 'Kamis', '14.00-15.00', 80000, 'FS001'),
(206, 'Kamis', '15.00-16.00', 80000, 'FS001'),
(207, 'Kamis', '16.00-17.00', 80000, 'FS001'),
(208, 'Kamis', '17.00-18.00', 80000, 'FS001'),
(209, 'Kamis', '18.00-19.00', 80000, 'FS001'),
(210, 'Kamis', '19.00-20.00', 80000, 'FS001'),
(211, 'Kamis', '20.00-21.00', 80000, 'FS001'),
(212, 'Kamis', '21.00-22.00', 80000, 'FS001'),
(213, 'Kamis', '22.00-23.00', 80000, 'FS001'),
(214, 'Jumat', '07.00-08.00', 80000, 'FS001'),
(215, 'Jumat', '08.00-09.00', 80000, 'FS001'),
(216, 'Jumat', '09.00-10.00', 80000, 'FS001'),
(217, 'Jumat', '10.00-11.00', 80000, 'FS001'),
(218, 'Jumat', '11.00-12.00', 80000, 'FS001'),
(219, 'Jumat', '12.00-13.00', 80000, 'FS001'),
(220, 'Jumat', '13.00-14.00', 80000, 'FS001'),
(221, 'Jumat', '14.00-15.00', 80000, 'FS001'),
(222, 'Jumat', '15.00-16.00', 80000, 'FS001'),
(223, 'Jumat', '16.00-17.00', 80000, 'FS001'),
(224, 'Jumat', '17.00-18.00', 80000, 'FS001'),
(225, 'Jumat', '18.00-19.00', 80000, 'FS001'),
(226, 'Jumat', '19.00-20.00', 80000, 'FS001'),
(227, 'Jumat', '20.00-21.00', 80000, 'FS001'),
(228, 'Jumat', '21.00-22.00', 80000, 'FS001'),
(229, 'Jumat', '22.00-23.00', 80000, 'FS001'),
(230, 'Sabtu', '07.00-08.00', 80000, 'FS001'),
(231, 'Sabtu', '08.00-09.00', 80000, 'FS001'),
(232, 'Sabtu', '09.00-10.00', 80000, 'FS001'),
(233, 'Sabtu', '10.00-11.00', 80000, 'FS001'),
(234, 'Sabtu', '11.00-12.00', 80000, 'FS001'),
(235, 'Sabtu', '12.00-13.00', 80000, 'FS001'),
(236, 'Sabtu', '13.00-14.00', 80000, 'FS001'),
(237, 'Sabtu', '14.00-15.00', 80000, 'FS001'),
(238, 'Sabtu', '15.00-16.00', 80000, 'FS001'),
(239, 'Sabtu', '16.00-17.00', 80000, 'FS001'),
(240, 'Sabtu', '17.00-18.00', 80000, 'FS001'),
(241, 'Sabtu', '18.00-19.00', 80000, 'FS001'),
(242, 'Sabtu', '19.00-20.00', 80000, 'FS001'),
(243, 'Sabtu', '20.00-21.00', 80000, 'FS001'),
(244, 'Sabtu', '21.00-22.00', 80000, 'FS001'),
(245, 'Sabtu', '22.00-23.00', 80000, 'FS001'),
(246, 'Minggu', '07.00-08.00', 80000, 'FS001'),
(247, 'Minggu', '08.00-09.00', 80000, 'FS001'),
(248, 'Minggu', '09.00-10.00', 80000, 'FS001'),
(249, 'Minggu', '10.00-11.00', 80000, 'FS001'),
(250, 'Minggu', '11.00-12.00', 80000, 'FS001'),
(251, 'Minggu', '12.00-13.00', 80000, 'FS001'),
(252, 'Minggu', '13.00-14.00', 80000, 'FS001'),
(253, 'Minggu', '14.00-15.00', 80000, 'FS001'),
(254, 'Minggu', '15.00-16.00', 80000, 'FS001'),
(255, 'Minggu', '16.00-17.00', 80000, 'FS001'),
(256, 'Minggu', '17.00-18.00', 80000, 'FS001'),
(257, 'Minggu', '18.00-19.00', 80000, 'FS001'),
(258, 'Minggu', '19.00-20.00', 80000, 'FS001'),
(259, 'Minggu', '20.00-21.00', 80000, 'FS001'),
(260, 'Minggu', '21.00-22.00', 80000, 'FS001'),
(261, 'Minggu', '22.00-23.00', 80000, 'FS001'),
(263, 'Senin', '07.00-08.00', 100000, 'FS002'),
(264, 'Senin', '08.00-09.00', 100000, 'FS002'),
(265, 'Senin', '09.00-10.00', 100000, 'FS002'),
(266, 'Senin', '10.00-11.00', 100000, 'FS002'),
(267, 'Senin', '11.00-12.00', 100000, 'FS002'),
(268, 'Senin', '12.00-13.00', 100000, 'FS002'),
(269, 'Senin', '13.00-14.00', 100000, 'FS002'),
(270, 'Senin', '14.00-15.00', 100000, 'FS002'),
(271, 'Senin', '15.00-16.00', 100000, 'FS002'),
(272, 'Senin', '16.00-17.00', 100000, 'FS002'),
(273, 'Senin', '17.00-18.00', 100000, 'FS002'),
(274, 'Senin', '18.00-19.00', 100000, 'FS002'),
(275, 'Senin', '19.00-20.00', 100000, 'FS002'),
(276, 'Senin', '20.00-21.00', 100000, 'FS002'),
(277, 'Senin', '21.00-22.00', 100000, 'FS002'),
(279, 'Selasa', '07.00-08.00', 100000, 'FS002'),
(280, 'Selasa', '08.00-09.00', 100000, 'FS002'),
(281, 'Selasa', '09.00-10.00', 100000, 'FS002'),
(282, 'Selasa', '10.00-11.00', 100000, 'FS002'),
(283, 'Selasa', '11.00-12.00', 100000, 'FS002'),
(284, 'Selasa', '12.00-13.00', 100000, 'FS002'),
(285, 'Selasa', '13.00-14.00', 100000, 'FS002'),
(286, 'Selasa', '14.00-15.00', 100000, 'FS002'),
(287, 'Selasa', '15.00-16.00', 100000, 'FS002'),
(288, 'Selasa', '16.00-17.00', 100000, 'FS002'),
(289, 'Selasa', '17.00-18.00', 100000, 'FS002'),
(290, 'Selasa', '18.00-19.00', 100000, 'FS002'),
(291, 'Selasa', '19.00-20.00', 100000, 'FS002'),
(292, 'Selasa', '20.00-21.00', 100000, 'FS002'),
(293, 'Selasa', '21.00-22.00', 100000, 'FS002'),
(295, 'Rabu', '07.00-08.00', 100000, 'FS002'),
(296, 'Rabu', '08.00-09.00', 100000, 'FS002'),
(297, 'Rabu', '09.00-10.00', 100000, 'FS002'),
(298, 'Rabu', '10.00-11.00', 100000, 'FS002'),
(299, 'Rabu', '11.00-12.00', 100000, 'FS002'),
(300, 'Rabu', '12.00-13.00', 100000, 'FS002'),
(301, 'Rabu', '13.00-14.00', 100000, 'FS002'),
(302, 'Rabu', '14.00-15.00', 100000, 'FS002'),
(303, 'Rabu', '15.00-16.00', 100000, 'FS002'),
(304, 'Rabu', '16.00-17.00', 100000, 'FS002'),
(305, 'Rabu', '17.00-18.00', 100000, 'FS002'),
(306, 'Rabu', '18.00-19.00', 100000, 'FS002'),
(307, 'Rabu', '19.00-20.00', 100000, 'FS002'),
(308, 'Rabu', '20.00-21.00', 100000, 'FS002'),
(309, 'Rabu', '21.00-22.00', 100000, 'FS002'),
(311, 'Kamis', '07.00-08.00', 100000, 'FS002'),
(312, 'Kamis', '08.00-09.00', 100000, 'FS002'),
(313, 'Kamis', '09.00-10.00', 100000, 'FS002'),
(314, 'Kamis', '10.00-11.00', 100000, 'FS002'),
(315, 'Kamis', '11.00-12.00', 100000, 'FS002'),
(316, 'Kamis', '12.00-13.00', 100000, 'FS002'),
(317, 'Kamis', '13.00-14.00', 100000, 'FS002'),
(318, 'Kamis', '14.00-15.00', 100000, 'FS002'),
(319, 'Kamis', '15.00-16.00', 100000, 'FS002'),
(320, 'Kamis', '16.00-17.00', 100000, 'FS002'),
(321, 'Kamis', '17.00-18.00', 100000, 'FS002'),
(322, 'Kamis', '18.00-19.00', 100000, 'FS002'),
(323, 'Kamis', '19.00-20.00', 100000, 'FS002'),
(324, 'Kamis', '20.00-21.00', 100000, 'FS002'),
(325, 'Kamis', '21.00-22.00', 100000, 'FS002'),
(327, 'Jumat', '07.00-08.00', 100000, 'FS002'),
(328, 'Jumat', '08.00-09.00', 100000, 'FS002'),
(329, 'Jumat', '09.00-10.00', 100000, 'FS002'),
(330, 'Jumat', '10.00-11.00', 100000, 'FS002'),
(331, 'Jumat', '11.00-12.00', 100000, 'FS002'),
(332, 'Jumat', '12.00-13.00', 100000, 'FS002'),
(333, 'Jumat', '13.00-14.00', 100000, 'FS002'),
(334, 'Jumat', '14.00-15.00', 100000, 'FS002'),
(335, 'Jumat', '15.00-16.00', 100000, 'FS002'),
(336, 'Jumat', '16.00-17.00', 100000, 'FS002'),
(337, 'Jumat', '17.00-18.00', 100000, 'FS002'),
(338, 'Jumat', '18.00-19.00', 100000, 'FS002'),
(339, 'Jumat', '19.00-20.00', 100000, 'FS002'),
(340, 'Jumat', '20.00-21.00', 100000, 'FS002'),
(341, 'Jumat', '21.00-22.00', 100000, 'FS002'),
(343, 'Sabtu', '07.00-08.00', 100000, 'FS002'),
(344, 'Sabtu', '08.00-09.00', 100000, 'FS002'),
(345, 'Sabtu', '09.00-10.00', 100000, 'FS002'),
(346, 'Sabtu', '10.00-11.00', 100000, 'FS002'),
(347, 'Sabtu', '11.00-12.00', 100000, 'FS002'),
(348, 'Sabtu', '12.00-13.00', 100000, 'FS002'),
(349, 'Sabtu', '13.00-14.00', 100000, 'FS002'),
(350, 'Sabtu', '14.00-15.00', 100000, 'FS002'),
(351, 'Sabtu', '15.00-16.00', 100000, 'FS002'),
(352, 'Sabtu', '16.00-17.00', 100000, 'FS002'),
(353, 'Sabtu', '17.00-18.00', 100000, 'FS002'),
(354, 'Sabtu', '18.00-19.00', 100000, 'FS002'),
(355, 'Sabtu', '19.00-20.00', 100000, 'FS002'),
(356, 'Sabtu', '20.00-21.00', 100000, 'FS002'),
(357, 'Sabtu', '21.00-22.00', 100000, 'FS002'),
(359, 'Minggu', '07.00-08.00', 100000, 'FS002'),
(360, 'Minggu', '08.00-09.00', 100000, 'FS002'),
(361, 'Minggu', '09.00-10.00', 100000, 'FS002'),
(362, 'Minggu', '10.00-11.00', 100000, 'FS002'),
(363, 'Minggu', '11.00-12.00', 100000, 'FS002'),
(364, 'Minggu', '12.00-13.00', 100000, 'FS002'),
(365, 'Minggu', '13.00-14.00', 100000, 'FS002'),
(366, 'Minggu', '14.00-15.00', 100000, 'FS002'),
(367, 'Minggu', '15.00-16.00', 100000, 'FS002'),
(368, 'Minggu', '16.00-17.00', 100000, 'FS002'),
(369, 'Minggu', '17.00-18.00', 100000, 'FS002'),
(370, 'Minggu', '18.00-19.00', 100000, 'FS002'),
(371, 'Minggu', '19.00-20.00', 100000, 'FS002'),
(372, 'Minggu', '20.00-21.00', 100000, 'FS002'),
(373, 'Minggu', '21.00-22.00', 100000, 'FS002'),
(487, 'Senin', '07.00-08.00', 50000, 'BV001'),
(488, 'Senin', '08.00-09.00', 50000, 'BV001'),
(489, 'Senin', '09.00-10.00', 50000, 'BV001'),
(490, 'Senin', '10.00-11.00', 50000, 'BV001'),
(491, 'Senin', '11.00-12.00', 50000, 'BV001'),
(492, 'Senin', '12.00-13.00', 50000, 'BV001'),
(493, 'Senin', '13.00-14.00', 50000, 'BV001'),
(494, 'Senin', '14.00-15.00', 50000, 'BV001'),
(495, 'Senin', '15.00-16.00', 50000, 'BV001'),
(496, 'Senin', '16.00-17.00', 50000, 'BV001'),
(497, 'Senin', '17.00-18.00', 50000, 'BV001'),
(498, 'Senin', '18.00-19.00', 50000, 'BV001'),
(499, 'Senin', '19.00-20.00', 50000, 'BV001'),
(500, 'Senin', '20.00-21.00', 50000, 'BV001'),
(501, 'Senin', '21.00-22.00', 50000, 'BV001'),
(503, 'Selasa', '07.00-08.00', 50000, 'BV001'),
(504, 'Selasa', '08.00-09.00', 50000, 'BV001'),
(505, 'Selasa', '09.00-10.00', 50000, 'BV001'),
(506, 'Selasa', '10.00-11.00', 50000, 'BV001'),
(507, 'Selasa', '11.00-12.00', 50000, 'BV001'),
(508, 'Selasa', '12.00-13.00', 50000, 'BV001'),
(509, 'Selasa', '13.00-14.00', 50000, 'BV001'),
(510, 'Selasa', '14.00-15.00', 50000, 'BV001'),
(511, 'Selasa', '15.00-16.00', 50000, 'BV001'),
(512, 'Selasa', '16.00-17.00', 50000, 'BV001'),
(513, 'Selasa', '17.00-18.00', 50000, 'BV001'),
(514, 'Selasa', '18.00-19.00', 50000, 'BV001'),
(515, 'Selasa', '19.00-20.00', 50000, 'BV001'),
(516, 'Selasa', '20.00-21.00', 50000, 'BV001'),
(517, 'Selasa', '21.00-22.00', 50000, 'BV001'),
(519, 'Rabu', '07.00-08.00', 50000, 'BV001'),
(520, 'Rabu', '08.00-09.00', 50000, 'BV001'),
(521, 'Rabu', '09.00-10.00', 50000, 'BV001'),
(522, 'Rabu', '10.00-11.00', 50000, 'BV001'),
(523, 'Rabu', '11.00-12.00', 50000, 'BV001'),
(524, 'Rabu', '12.00-13.00', 50000, 'BV001'),
(525, 'Rabu', '13.00-14.00', 50000, 'BV001'),
(526, 'Rabu', '14.00-15.00', 50000, 'BV001'),
(527, 'Rabu', '15.00-16.00', 50000, 'BV001'),
(528, 'Rabu', '16.00-17.00', 50000, 'BV001'),
(529, 'Rabu', '17.00-18.00', 50000, 'BV001'),
(530, 'Rabu', '18.00-19.00', 50000, 'BV001'),
(531, 'Rabu', '19.00-20.00', 50000, 'BV001'),
(532, 'Rabu', '20.00-21.00', 50000, 'BV001'),
(533, 'Rabu', '21.00-22.00', 50000, 'BV001'),
(535, 'Kamis', '07.00-08.00', 50000, 'BV001'),
(536, 'Kamis', '08.00-09.00', 50000, 'BV001'),
(537, 'Kamis', '09.00-10.00', 50000, 'BV001'),
(538, 'Kamis', '10.00-11.00', 50000, 'BV001'),
(539, 'Kamis', '11.00-12.00', 50000, 'BV001'),
(540, 'Kamis', '12.00-13.00', 50000, 'BV001'),
(541, 'Kamis', '13.00-14.00', 50000, 'BV001'),
(542, 'Kamis', '14.00-15.00', 50000, 'BV001'),
(543, 'Kamis', '15.00-16.00', 50000, 'BV001'),
(544, 'Kamis', '16.00-17.00', 50000, 'BV001'),
(545, 'Kamis', '17.00-18.00', 50000, 'BV001'),
(546, 'Kamis', '18.00-19.00', 50000, 'BV001'),
(547, 'Kamis', '19.00-20.00', 50000, 'BV001'),
(548, 'Kamis', '20.00-21.00', 50000, 'BV001'),
(549, 'Kamis', '21.00-22.00', 50000, 'BV001'),
(551, 'Jumat', '07.00-08.00', 50000, 'BV001'),
(552, 'Jumat', '08.00-09.00', 50000, 'BV001'),
(553, 'Jumat', '09.00-10.00', 50000, 'BV001'),
(554, 'Jumat', '10.00-11.00', 50000, 'BV001'),
(555, 'Jumat', '11.00-12.00', 50000, 'BV001'),
(556, 'Jumat', '12.00-13.00', 50000, 'BV001'),
(557, 'Jumat', '13.00-14.00', 50000, 'BV001'),
(558, 'Jumat', '14.00-15.00', 50000, 'BV001'),
(559, 'Jumat', '15.00-16.00', 50000, 'BV001'),
(560, 'Jumat', '16.00-17.00', 50000, 'BV001'),
(561, 'Jumat', '17.00-18.00', 50000, 'BV001'),
(562, 'Jumat', '18.00-19.00', 50000, 'BV001'),
(563, 'Jumat', '19.00-20.00', 50000, 'BV001'),
(564, 'Jumat', '20.00-21.00', 50000, 'BV001'),
(565, 'Jumat', '21.00-22.00', 50000, 'BV001'),
(567, 'Sabtu', '07.00-08.00', 50000, 'BV001'),
(568, 'Sabtu', '08.00-09.00', 50000, 'BV001'),
(569, 'Sabtu', '09.00-10.00', 50000, 'BV001'),
(570, 'Sabtu', '10.00-11.00', 50000, 'BV001'),
(571, 'Sabtu', '11.00-12.00', 50000, 'BV001'),
(572, 'Sabtu', '12.00-13.00', 50000, 'BV001'),
(573, 'Sabtu', '13.00-14.00', 50000, 'BV001'),
(574, 'Sabtu', '14.00-15.00', 50000, 'BV001'),
(575, 'Sabtu', '15.00-16.00', 50000, 'BV001'),
(576, 'Sabtu', '16.00-17.00', 50000, 'BV001'),
(577, 'Sabtu', '17.00-18.00', 50000, 'BV001'),
(578, 'Sabtu', '18.00-19.00', 50000, 'BV001'),
(579, 'Sabtu', '19.00-20.00', 50000, 'BV001'),
(580, 'Sabtu', '20.00-21.00', 50000, 'BV001'),
(581, 'Sabtu', '21.00-22.00', 50000, 'BV001'),
(582, 'Minggu', '07.00-08.00', 50000, 'BV001'),
(583, 'Minggu', '08.00-09.00', 50000, 'BV001'),
(584, 'Minggu', '09.00-10.00', 50000, 'BV001'),
(585, 'Minggu', '10.00-11.00', 50000, 'BV001'),
(586, 'Minggu', '11.00-12.00', 50000, 'BV001'),
(587, 'Minggu', '12.00-13.00', 50000, 'BV001'),
(588, 'Minggu', '13.00-14.00', 50000, 'BV001'),
(589, 'Minggu', '14.00-15.00', 50000, 'BV001'),
(590, 'Minggu', '15.00-16.00', 50000, 'BV001'),
(591, 'Minggu', '16.00-17.00', 50000, 'BV001'),
(592, 'Minggu', '17.00-18.00', 50000, 'BV001'),
(593, 'Minggu', '18.00-19.00', 50000, 'BV001'),
(594, 'Minggu', '19.00-20.00', 50000, 'BV001'),
(595, 'Minggu', '20.00-21.00', 50000, 'BV001'),
(596, 'Minggu', '21.00-22.00', 50000, 'BV001'),
(598, 'Senin', '07.00-08.00', 60000, 'BS001'),
(599, 'Senin', '08.00-09.00', 60000, 'BS001'),
(600, 'Senin', '09.00-10.00', 60000, 'BS001'),
(601, 'Senin', '10.00-11.00', 60000, 'BS001'),
(602, 'Senin', '11.00-12.00', 60000, 'BS001'),
(603, 'Senin', '12.00-13.00', 60000, 'BS001'),
(604, 'Senin', '13.00-14.00', 60000, 'BS001'),
(605, 'Senin', '14.00-15.00', 60000, 'BS001'),
(606, 'Senin', '15.00-16.00', 60000, 'BS001'),
(607, 'Senin', '16.00-17.00', 60000, 'BS001'),
(608, 'Senin', '17.00-18.00', 60000, 'BS001'),
(609, 'Senin', '18.00-19.00', 60000, 'BS001'),
(610, 'Senin', '19.00-20.00', 60000, 'BS001'),
(611, 'Senin', '20.00-21.00', 60000, 'BS001'),
(612, 'Senin', '21.00-22.00', 60000, 'BS001'),
(614, 'Selasa', '07.00-08.00', 60000, 'BS001'),
(615, 'Selasa', '08.00-09.00', 60000, 'BS001'),
(616, 'Selasa', '09.00-10.00', 60000, 'BS001'),
(617, 'Selasa', '10.00-11.00', 60000, 'BS001'),
(618, 'Selasa', '11.00-12.00', 60000, 'BS001'),
(619, 'Selasa', '12.00-13.00', 60000, 'BS001'),
(620, 'Selasa', '13.00-14.00', 60000, 'BS001'),
(621, 'Selasa', '14.00-15.00', 60000, 'BS001'),
(622, 'Selasa', '15.00-16.00', 60000, 'BS001'),
(623, 'Selasa', '16.00-17.00', 60000, 'BS001'),
(624, 'Selasa', '17.00-18.00', 60000, 'BS001'),
(625, 'Selasa', '18.00-19.00', 60000, 'BS001'),
(626, 'Selasa', '19.00-20.00', 60000, 'BS001'),
(627, 'Selasa', '20.00-21.00', 60000, 'BS001'),
(628, 'Selasa', '21.00-22.00', 60000, 'BS001'),
(630, 'Rabu', '07.00-08.00', 60000, 'BS001'),
(631, 'Rabu', '08.00-09.00', 60000, 'BS001'),
(632, 'Rabu', '09.00-10.00', 60000, 'BS001'),
(633, 'Rabu', '10.00-11.00', 60000, 'BS001'),
(634, 'Rabu', '11.00-12.00', 60000, 'BS001'),
(635, 'Rabu', '12.00-13.00', 60000, 'BS001'),
(636, 'Rabu', '13.00-14.00', 60000, 'BS001'),
(637, 'Rabu', '14.00-15.00', 60000, 'BS001'),
(638, 'Rabu', '15.00-16.00', 60000, 'BS001'),
(639, 'Rabu', '16.00-17.00', 60000, 'BS001'),
(640, 'Rabu', '17.00-18.00', 60000, 'BS001'),
(641, 'Rabu', '18.00-19.00', 60000, 'BS001'),
(642, 'Rabu', '19.00-20.00', 60000, 'BS001'),
(643, 'Rabu', '20.00-21.00', 60000, 'BS001'),
(644, 'Rabu', '21.00-22.00', 60000, 'BS001'),
(646, 'Kamis', '07.00-08.00', 60000, 'BS001'),
(647, 'Kamis', '08.00-09.00', 60000, 'BS001'),
(648, 'Kamis', '09.00-10.00', 60000, 'BS001'),
(649, 'Kamis', '10.00-11.00', 60000, 'BS001'),
(650, 'Kamis', '11.00-12.00', 60000, 'BS001'),
(651, 'Kamis', '12.00-13.00', 60000, 'BS001'),
(652, 'Kamis', '13.00-14.00', 60000, 'BS001'),
(653, 'Kamis', '14.00-15.00', 60000, 'BS001'),
(654, 'Kamis', '15.00-16.00', 60000, 'BS001'),
(655, 'Kamis', '16.00-17.00', 60000, 'BS001'),
(656, 'Kamis', '17.00-18.00', 60000, 'BS001'),
(657, 'Kamis', '18.00-19.00', 60000, 'BS001'),
(658, 'Kamis', '19.00-20.00', 60000, 'BS001'),
(659, 'Kamis', '20.00-21.00', 60000, 'BS001'),
(660, 'Kamis', '21.00-22.00', 60000, 'BS001'),
(662, 'Jumat', '07.00-08.00', 60000, 'BS001'),
(663, 'Jumat', '08.00-09.00', 60000, 'BS001'),
(664, 'Jumat', '09.00-10.00', 60000, 'BS001'),
(665, 'Jumat', '10.00-11.00', 60000, 'BS001'),
(666, 'Jumat', '11.00-12.00', 60000, 'BS001'),
(667, 'Jumat', '12.00-13.00', 60000, 'BS001'),
(668, 'Jumat', '13.00-14.00', 60000, 'BS001'),
(669, 'Jumat', '14.00-15.00', 60000, 'BS001'),
(670, 'Jumat', '15.00-16.00', 60000, 'BS001'),
(671, 'Jumat', '16.00-17.00', 60000, 'BS001'),
(672, 'Jumat', '17.00-18.00', 60000, 'BS001'),
(673, 'Jumat', '18.00-19.00', 60000, 'BS001'),
(674, 'Jumat', '19.00-20.00', 60000, 'BS001'),
(675, 'Jumat', '20.00-21.00', 60000, 'BS001'),
(676, 'Jumat', '21.00-22.00', 60000, 'BS001'),
(678, 'Sabtu', '07.00-08.00', 60000, 'BS001'),
(679, 'Sabtu', '08.00-09.00', 60000, 'BS001'),
(680, 'Sabtu', '09.00-10.00', 60000, 'BS001'),
(681, 'Sabtu', '10.00-11.00', 60000, 'BS001'),
(682, 'Sabtu', '11.00-12.00', 60000, 'BS001'),
(683, 'Sabtu', '12.00-13.00', 60000, 'BS001'),
(684, 'Sabtu', '13.00-14.00', 60000, 'BS001'),
(685, 'Sabtu', '14.00-15.00', 60000, 'BS001'),
(686, 'Sabtu', '15.00-16.00', 60000, 'BS001'),
(687, 'Sabtu', '16.00-17.00', 60000, 'BS001'),
(688, 'Sabtu', '17.00-18.00', 60000, 'BS001'),
(689, 'Sabtu', '18.00-19.00', 60000, 'BS001'),
(690, 'Sabtu', '19.00-20.00', 60000, 'BS001'),
(691, 'Sabtu', '20.00-21.00', 60000, 'BS001'),
(692, 'Sabtu', '21.00-22.00', 60000, 'BS001'),
(693, 'Minggu', '07.00-08.00', 60000, 'BS001'),
(694, 'Minggu', '08.00-09.00', 60000, 'BS001'),
(695, 'Minggu', '09.00-10.00', 60000, 'BS001'),
(696, 'Minggu', '10.00-11.00', 60000, 'BS001'),
(697, 'Minggu', '11.00-12.00', 60000, 'BS001'),
(698, 'Minggu', '12.00-13.00', 60000, 'BS001'),
(699, 'Minggu', '13.00-14.00', 60000, 'BS001'),
(700, 'Minggu', '14.00-15.00', 60000, 'BS001'),
(701, 'Minggu', '15.00-16.00', 60000, 'BS001'),
(702, 'Minggu', '16.00-17.00', 60000, 'BS001'),
(703, 'Minggu', '17.00-18.00', 60000, 'BS001'),
(704, 'Minggu', '18.00-19.00', 60000, 'BS001'),
(705, 'Minggu', '19.00-20.00', 60000, 'BS001'),
(706, 'Minggu', '20.00-21.00', 60000, 'BS001'),
(707, 'Minggu', '21.00-22.00', 60000, 'BS001'),
(709, 'Senin', '07.00-08.00', 14000, 'BT001'),
(710, 'Senin', '08.00-09.00', 14000, 'BT001'),
(711, 'Senin', '09.00-10.00', 14000, 'BT001'),
(712, 'Senin', '10.00-11.00', 14000, 'BT001'),
(713, 'Senin', '11.00-12.00', 14000, 'BT001'),
(714, 'Senin', '12.00-13.00', 14000, 'BT001'),
(715, 'Senin', '13.00-14.00', 14000, 'BT001'),
(716, 'Senin', '14.00-15.00', 14000, 'BT001'),
(717, 'Senin', '15.00-16.00', 14000, 'BT001'),
(718, 'Senin', '16.00-17.00', 14000, 'BT001'),
(719, 'Senin', '17.00-18.00', 14000, 'BT001'),
(720, 'Senin', '18.00-19.00', 14000, 'BT001'),
(721, 'Senin', '19.00-20.00', 14000, 'BT001'),
(722, 'Senin', '20.00-21.00', 14000, 'BT001'),
(723, 'Senin', '21.00-22.00', 14000, 'BT001'),
(724, 'Selasa', '07.00-08.00', 14000, 'BT001'),
(725, 'Selasa', '08.00-09.00', 14000, 'BT001'),
(726, 'Selasa', '09.00-10.00', 14000, 'BT001'),
(727, 'Selasa', '10.00-11.00', 14000, 'BT001'),
(728, 'Selasa', '11.00-12.00', 14000, 'BT001'),
(729, 'Selasa', '12.00-13.00', 14000, 'BT001'),
(730, 'Selasa', '13.00-14.00', 14000, 'BT001'),
(731, 'Selasa', '14.00-15.00', 14000, 'BT001'),
(732, 'Selasa', '15.00-16.00', 14000, 'BT001'),
(733, 'Selasa', '16.00-17.00', 14000, 'BT001'),
(734, 'Selasa', '17.00-18.00', 14000, 'BT001'),
(735, 'Selasa', '18.00-19.00', 14000, 'BT001'),
(736, 'Selasa', '19.00-20.00', 14000, 'BT001'),
(737, 'Selasa', '20.00-21.00', 14000, 'BT001'),
(738, 'Selasa', '21.00-22.00', 14000, 'BT001'),
(739, 'Rabu', '07.00-08.00', 14000, 'BT001'),
(740, 'Rabu', '08.00-09.00', 14000, 'BT001'),
(741, 'Rabu', '09.00-10.00', 14000, 'BT001'),
(742, 'Rabu', '10.00-11.00', 14000, 'BT001'),
(743, 'Rabu', '11.00-12.00', 14000, 'BT001'),
(744, 'Rabu', '12.00-13.00', 14000, 'BT001'),
(745, 'Rabu', '13.00-14.00', 14000, 'BT001'),
(746, 'Rabu', '14.00-15.00', 14000, 'BT001'),
(747, 'Rabu', '15.00-16.00', 14000, 'BT001'),
(748, 'Rabu', '16.00-17.00', 14000, 'BT001'),
(749, 'Rabu', '17.00-18.00', 14000, 'BT001'),
(750, 'Rabu', '18.00-19.00', 14000, 'BT001'),
(751, 'Rabu', '19.00-20.00', 14000, 'BT001'),
(752, 'Rabu', '20.00-21.00', 14000, 'BT001'),
(753, 'Rabu', '21.00-22.00', 14000, 'BT001'),
(754, 'Kamis', '07.00-08.00', 14000, 'BT001'),
(755, 'Kamis', '08.00-09.00', 14000, 'BT001'),
(756, 'Kamis', '09.00-10.00', 14000, 'BT001'),
(757, 'Kamis', '10.00-11.00', 14000, 'BT001'),
(758, 'Kamis', '11.00-12.00', 14000, 'BT001'),
(759, 'Kamis', '12.00-13.00', 14000, 'BT001'),
(760, 'Kamis', '13.00-14.00', 14000, 'BT001'),
(761, 'Kamis', '14.00-15.00', 14000, 'BT001'),
(762, 'Kamis', '15.00-16.00', 14000, 'BT001'),
(763, 'Kamis', '16.00-17.00', 14000, 'BT001'),
(764, 'Kamis', '17.00-18.00', 14000, 'BT001'),
(765, 'Kamis', '18.00-19.00', 14000, 'BT001'),
(766, 'Kamis', '19.00-20.00', 14000, 'BT001'),
(767, 'Kamis', '20.00-21.00', 14000, 'BT001'),
(768, 'Kamis', '21.00-22.00', 14000, 'BT001'),
(769, 'Jumat', '07.00-08.00', 14000, 'BT001'),
(770, 'Jumat', '08.00-09.00', 14000, 'BT001'),
(771, 'Jumat', '09.00-10.00', 14000, 'BT001'),
(772, 'Jumat', '10.00-11.00', 14000, 'BT001'),
(773, 'Jumat', '11.00-12.00', 14000, 'BT001'),
(774, 'Jumat', '12.00-13.00', 14000, 'BT001'),
(775, 'Jumat', '13.00-14.00', 14000, 'BT001'),
(776, 'Jumat', '14.00-15.00', 14000, 'BT001'),
(777, 'Jumat', '15.00-16.00', 14000, 'BT001'),
(778, 'Jumat', '16.00-17.00', 14000, 'BT001'),
(779, 'Jumat', '17.00-18.00', 14000, 'BT001'),
(780, 'Jumat', '18.00-19.00', 14000, 'BT001'),
(781, 'Jumat', '19.00-20.00', 14000, 'BT001'),
(782, 'Jumat', '20.00-21.00', 14000, 'BT001'),
(783, 'Jumat', '21.00-22.00', 14000, 'BT001'),
(784, 'Sabtu', '07.00-08.00', 14000, 'BT001'),
(785, 'Sabtu', '08.00-09.00', 14000, 'BT001'),
(786, 'Sabtu', '09.00-10.00', 14000, 'BT001'),
(787, 'Sabtu', '10.00-11.00', 14000, 'BT001'),
(788, 'Sabtu', '11.00-12.00', 14000, 'BT001'),
(789, 'Sabtu', '12.00-13.00', 14000, 'BT001'),
(790, 'Sabtu', '13.00-14.00', 14000, 'BT001'),
(791, 'Sabtu', '14.00-15.00', 14000, 'BT001'),
(792, 'Sabtu', '15.00-16.00', 14000, 'BT001'),
(793, 'Sabtu', '16.00-17.00', 14000, 'BT001'),
(794, 'Sabtu', '17.00-18.00', 14000, 'BT001'),
(795, 'Sabtu', '18.00-19.00', 14000, 'BT001'),
(796, 'Sabtu', '19.00-20.00', 14000, 'BT001'),
(797, 'Sabtu', '20.00-21.00', 14000, 'BT001'),
(798, 'Sabtu', '21.00-22.00', 14000, 'BT001'),
(799, 'Minggu', '07.00-08.00', 14000, 'BT001'),
(800, 'Minggu', '08.00-09.00', 14000, 'BT001'),
(801, 'Minggu', '09.00-10.00', 14000, 'BT001'),
(802, 'Minggu', '10.00-11.00', 14000, 'BT001'),
(803, 'Minggu', '11.00-12.00', 14000, 'BT001'),
(804, 'Minggu', '12.00-13.00', 14000, 'BT001'),
(805, 'Minggu', '13.00-14.00', 14000, 'BT001'),
(806, 'Minggu', '14.00-15.00', 14000, 'BT001'),
(807, 'Minggu', '15.00-16.00', 14000, 'BT001'),
(808, 'Minggu', '16.00-17.00', 14000, 'BT001'),
(809, 'Minggu', '17.00-18.00', 14000, 'BT001'),
(810, 'Minggu', '18.00-19.00', 14000, 'BT001'),
(811, 'Minggu', '19.00-20.00', 14000, 'BT001'),
(812, 'Minggu', '20.00-21.00', 14000, 'BT001'),
(813, 'Minggu', '21.00-22.00', 14000, 'BT001'),
(815, 'Senin', '07.00-08.00', 14000, 'BT002'),
(816, 'Senin', '08.00-09.00', 14000, 'BT002'),
(817, 'Senin', '09.00-10.00', 14000, 'BT002'),
(818, 'Senin', '10.00-11.00', 14000, 'BT002'),
(819, 'Senin', '11.00-12.00', 14000, 'BT002'),
(820, 'Senin', '12.00-13.00', 14000, 'BT002'),
(821, 'Senin', '13.00-14.00', 14000, 'BT002'),
(822, 'Senin', '14.00-15.00', 14000, 'BT002'),
(823, 'Senin', '15.00-16.00', 14000, 'BT002'),
(824, 'Senin', '16.00-17.00', 14000, 'BT002'),
(825, 'Senin', '17.00-18.00', 14000, 'BT002'),
(826, 'Senin', '18.00-19.00', 14000, 'BT002'),
(827, 'Senin', '19.00-20.00', 14000, 'BT002'),
(828, 'Senin', '20.00-21.00', 14000, 'BT002'),
(829, 'Senin', '21.00-22.00', 14000, 'BT002'),
(830, 'Selasa', '07.00-08.00', 14000, 'BT002'),
(831, 'Selasa', '08.00-09.00', 14000, 'BT002'),
(832, 'Selasa', '09.00-10.00', 14000, 'BT002'),
(833, 'Selasa', '10.00-11.00', 14000, 'BT002'),
(834, 'Selasa', '11.00-12.00', 14000, 'BT002'),
(835, 'Selasa', '12.00-13.00', 14000, 'BT002'),
(836, 'Selasa', '13.00-14.00', 14000, 'BT002'),
(837, 'Selasa', '14.00-15.00', 14000, 'BT002'),
(838, 'Selasa', '15.00-16.00', 14000, 'BT002'),
(839, 'Selasa', '16.00-17.00', 14000, 'BT002'),
(840, 'Selasa', '17.00-18.00', 14000, 'BT002'),
(841, 'Selasa', '18.00-19.00', 14000, 'BT002'),
(842, 'Selasa', '19.00-20.00', 14000, 'BT002'),
(843, 'Selasa', '20.00-21.00', 14000, 'BT002'),
(844, 'Selasa', '21.00-22.00', 14000, 'BT002'),
(845, 'Rabu', '07.00-08.00', 14000, 'BT002'),
(846, 'Rabu', '08.00-09.00', 14000, 'BT002'),
(847, 'Rabu', '09.00-10.00', 14000, 'BT002'),
(848, 'Rabu', '10.00-11.00', 14000, 'BT002'),
(849, 'Rabu', '11.00-12.00', 14000, 'BT002'),
(850, 'Rabu', '12.00-13.00', 14000, 'BT002'),
(851, 'Rabu', '13.00-14.00', 14000, 'BT002'),
(852, 'Rabu', '14.00-15.00', 14000, 'BT002'),
(853, 'Rabu', '15.00-16.00', 14000, 'BT002'),
(854, 'Rabu', '16.00-17.00', 14000, 'BT002'),
(855, 'Rabu', '17.00-18.00', 14000, 'BT002'),
(856, 'Rabu', '18.00-19.00', 14000, 'BT002'),
(857, 'Rabu', '19.00-20.00', 14000, 'BT002'),
(858, 'Rabu', '20.00-21.00', 14000, 'BT002'),
(859, 'Rabu', '21.00-22.00', 14000, 'BT002'),
(860, 'Kamis', '07.00-08.00', 14000, 'BT002'),
(861, 'Kamis', '08.00-09.00', 14000, 'BT002'),
(862, 'Kamis', '09.00-10.00', 14000, 'BT002'),
(863, 'Kamis', '10.00-11.00', 14000, 'BT002'),
(864, 'Kamis', '11.00-12.00', 14000, 'BT002'),
(865, 'Kamis', '12.00-13.00', 14000, 'BT002'),
(866, 'Kamis', '13.00-14.00', 14000, 'BT002'),
(867, 'Kamis', '14.00-15.00', 14000, 'BT002'),
(868, 'Kamis', '15.00-16.00', 14000, 'BT002'),
(869, 'Kamis', '16.00-17.00', 14000, 'BT002'),
(870, 'Kamis', '17.00-18.00', 14000, 'BT002'),
(871, 'Kamis', '18.00-19.00', 14000, 'BT002'),
(872, 'Kamis', '19.00-20.00', 14000, 'BT002'),
(873, 'Kamis', '20.00-21.00', 14000, 'BT002'),
(874, 'Kamis', '21.00-22.00', 14000, 'BT002'),
(875, 'Jumat', '07.00-08.00', 14000, 'BT002'),
(876, 'Jumat', '08.00-09.00', 14000, 'BT002'),
(877, 'Jumat', '09.00-10.00', 14000, 'BT002'),
(878, 'Jumat', '10.00-11.00', 14000, 'BT002'),
(879, 'Jumat', '11.00-12.00', 14000, 'BT002'),
(880, 'Jumat', '12.00-13.00', 14000, 'BT002'),
(881, 'Jumat', '13.00-14.00', 14000, 'BT002'),
(882, 'Jumat', '14.00-15.00', 14000, 'BT002'),
(883, 'Jumat', '15.00-16.00', 14000, 'BT002'),
(884, 'Jumat', '16.00-17.00', 14000, 'BT002'),
(885, 'Jumat', '17.00-18.00', 14000, 'BT002'),
(886, 'Jumat', '18.00-19.00', 14000, 'BT002'),
(887, 'Jumat', '19.00-20.00', 14000, 'BT002'),
(888, 'Jumat', '20.00-21.00', 14000, 'BT002'),
(889, 'Jumat', '21.00-22.00', 14000, 'BT002'),
(890, 'Sabtu', '07.00-08.00', 14000, 'BT002'),
(891, 'Sabtu', '08.00-09.00', 14000, 'BT002'),
(892, 'Sabtu', '09.00-10.00', 14000, 'BT002'),
(893, 'Sabtu', '10.00-11.00', 14000, 'BT002'),
(894, 'Sabtu', '11.00-12.00', 14000, 'BT002'),
(895, 'Sabtu', '12.00-13.00', 14000, 'BT002'),
(896, 'Sabtu', '13.00-14.00', 14000, 'BT002'),
(897, 'Sabtu', '14.00-15.00', 14000, 'BT002'),
(898, 'Sabtu', '15.00-16.00', 14000, 'BT002'),
(899, 'Sabtu', '16.00-17.00', 14000, 'BT002'),
(900, 'Sabtu', '17.00-18.00', 14000, 'BT002'),
(901, 'Sabtu', '18.00-19.00', 14000, 'BT002'),
(902, 'Sabtu', '19.00-20.00', 14000, 'BT002'),
(903, 'Sabtu', '20.00-21.00', 14000, 'BT002'),
(904, 'Sabtu', '21.00-22.00', 14000, 'BT002'),
(905, 'Minggu', '07.00-08.00', 14000, 'BT002'),
(906, 'Minggu', '08.00-09.00', 14000, 'BT002'),
(907, 'Minggu', '09.00-10.00', 14000, 'BT002'),
(908, 'Minggu', '10.00-11.00', 14000, 'BT002'),
(909, 'Minggu', '11.00-12.00', 14000, 'BT002'),
(910, 'Minggu', '12.00-13.00', 14000, 'BT002'),
(911, 'Minggu', '13.00-14.00', 14000, 'BT002'),
(912, 'Minggu', '14.00-15.00', 14000, 'BT002'),
(913, 'Minggu', '15.00-16.00', 14000, 'BT002'),
(914, 'Minggu', '16.00-17.00', 14000, 'BT002'),
(915, 'Minggu', '17.00-18.00', 14000, 'BT002'),
(916, 'Minggu', '18.00-19.00', 14000, 'BT002'),
(917, 'Minggu', '19.00-20.00', 14000, 'BT002'),
(918, 'Minggu', '20.00-21.00', 14000, 'BT002'),
(919, 'Minggu', '21.00-22.00', 14000, 'BT002'),
(921, 'Senin', '07.00-08.00', 30000, 'PH001'),
(922, 'Senin', '08.00-09.00', 30000, 'PH001'),
(923, 'Senin', '09.00-10.00', 30000, 'PH001'),
(924, 'Senin', '10.00-11.00', 30000, 'PH001'),
(925, 'Senin', '11.00-12.00', 30000, 'PH001'),
(926, 'Senin', '12.00-13.00', 30000, 'PH001'),
(927, 'Senin', '13.00-14.00', 30000, 'PH001'),
(928, 'Senin', '14.00-15.00', 30000, 'PH001'),
(929, 'Senin', '15.00-16.00', 30000, 'PH001'),
(930, 'Senin', '16.00-17.00', 30000, 'PH001'),
(931, 'Senin', '17.00-18.00', 30000, 'PH001'),
(932, 'Senin', '18.00-19.00', 30000, 'PH001'),
(933, 'Senin', '19.00-20.00', 30000, 'PH001'),
(934, 'Senin', '20.00-21.00', 30000, 'PH001'),
(935, 'Senin', '21.00-22.00', 30000, 'PH001'),
(936, 'Selasa', '07.00-08.00', 30000, 'PH001'),
(937, 'Selasa', '08.00-09.00', 30000, 'PH001'),
(938, 'Selasa', '09.00-10.00', 30000, 'PH001'),
(939, 'Selasa', '10.00-11.00', 30000, 'PH001'),
(940, 'Selasa', '11.00-12.00', 30000, 'PH001'),
(941, 'Selasa', '12.00-13.00', 30000, 'PH001'),
(942, 'Selasa', '13.00-14.00', 30000, 'PH001'),
(943, 'Selasa', '14.00-15.00', 30000, 'PH001'),
(944, 'Selasa', '15.00-16.00', 30000, 'PH001'),
(945, 'Selasa', '16.00-17.00', 30000, 'PH001'),
(946, 'Selasa', '17.00-18.00', 30000, 'PH001'),
(947, 'Selasa', '18.00-19.00', 30000, 'PH001'),
(948, 'Selasa', '19.00-20.00', 30000, 'PH001'),
(949, 'Selasa', '20.00-21.00', 30000, 'PH001'),
(950, 'Selasa', '21.00-22.00', 30000, 'PH001'),
(951, 'Rabu', '07.00-08.00', 30000, 'PH001'),
(952, 'Rabu', '08.00-09.00', 30000, 'PH001'),
(953, 'Rabu', '09.00-10.00', 30000, 'PH001'),
(954, 'Rabu', '10.00-11.00', 30000, 'PH001'),
(955, 'Rabu', '11.00-12.00', 30000, 'PH001'),
(956, 'Rabu', '12.00-13.00', 30000, 'PH001'),
(957, 'Rabu', '13.00-14.00', 30000, 'PH001'),
(958, 'Rabu', '14.00-15.00', 30000, 'PH001'),
(959, 'Rabu', '15.00-16.00', 30000, 'PH001'),
(960, 'Rabu', '16.00-17.00', 30000, 'PH001'),
(961, 'Rabu', '17.00-18.00', 30000, 'PH001'),
(962, 'Rabu', '18.00-19.00', 30000, 'PH001'),
(963, 'Rabu', '19.00-20.00', 30000, 'PH001'),
(964, 'Rabu', '20.00-21.00', 30000, 'PH001'),
(965, 'Rabu', '21.00-22.00', 30000, 'PH001'),
(966, 'Kamis', '07.00-08.00', 30000, 'PH001'),
(967, 'Kamis', '08.00-09.00', 30000, 'PH001'),
(968, 'Kamis', '09.00-10.00', 30000, 'PH001'),
(969, 'Kamis', '10.00-11.00', 30000, 'PH001'),
(970, 'Kamis', '11.00-12.00', 30000, 'PH001'),
(971, 'Kamis', '12.00-13.00', 30000, 'PH001'),
(972, 'Kamis', '13.00-14.00', 30000, 'PH001'),
(973, 'Kamis', '14.00-15.00', 30000, 'PH001'),
(974, 'Kamis', '15.00-16.00', 30000, 'PH001'),
(975, 'Kamis', '16.00-17.00', 30000, 'PH001'),
(976, 'Kamis', '17.00-18.00', 30000, 'PH001'),
(977, 'Kamis', '18.00-19.00', 30000, 'PH001'),
(978, 'Kamis', '19.00-20.00', 30000, 'PH001'),
(979, 'Kamis', '20.00-21.00', 30000, 'PH001'),
(980, 'Kamis', '21.00-22.00', 30000, 'PH001'),
(981, 'Jumat', '07.00-08.00', 30000, 'PH001'),
(982, 'Jumat', '08.00-09.00', 30000, 'PH001'),
(983, 'Jumat', '09.00-10.00', 30000, 'PH001'),
(984, 'Jumat', '10.00-11.00', 30000, 'PH001'),
(985, 'Jumat', '11.00-12.00', 30000, 'PH001'),
(986, 'Jumat', '12.00-13.00', 30000, 'PH001'),
(987, 'Jumat', '13.00-14.00', 30000, 'PH001'),
(988, 'Jumat', '14.00-15.00', 30000, 'PH001'),
(989, 'Jumat', '15.00-16.00', 30000, 'PH001'),
(990, 'Jumat', '16.00-17.00', 30000, 'PH001'),
(991, 'Jumat', '17.00-18.00', 30000, 'PH001'),
(992, 'Jumat', '18.00-19.00', 30000, 'PH001'),
(993, 'Jumat', '19.00-20.00', 30000, 'PH001'),
(994, 'Jumat', '20.00-21.00', 30000, 'PH001'),
(995, 'Jumat', '21.00-22.00', 30000, 'PH001'),
(996, 'Sabtu', '07.00-08.00', 30000, 'PH001'),
(997, 'Sabtu', '08.00-09.00', 30000, 'PH001'),
(998, 'Sabtu', '09.00-10.00', 30000, 'PH001'),
(999, 'Sabtu', '10.00-11.00', 30000, 'PH001'),
(1000, 'Sabtu', '11.00-12.00', 30000, 'PH001'),
(1001, 'Sabtu', '12.00-13.00', 30000, 'PH001'),
(1002, 'Sabtu', '13.00-14.00', 30000, 'PH001'),
(1003, 'Sabtu', '14.00-15.00', 30000, 'PH001'),
(1004, 'Sabtu', '15.00-16.00', 30000, 'PH001'),
(1005, 'Sabtu', '16.00-17.00', 30000, 'PH001'),
(1006, 'Sabtu', '17.00-18.00', 30000, 'PH001'),
(1007, 'Sabtu', '18.00-19.00', 30000, 'PH001'),
(1008, 'Sabtu', '19.00-20.00', 30000, 'PH001'),
(1009, 'Sabtu', '20.00-21.00', 30000, 'PH001'),
(1010, 'Sabtu', '21.00-22.00', 30000, 'PH001'),
(1011, 'Minggu', '07.00-08.00', 30000, 'PH001'),
(1012, 'Minggu', '08.00-09.00', 30000, 'PH001'),
(1013, 'Minggu', '09.00-10.00', 30000, 'PH001'),
(1014, 'Minggu', '10.00-11.00', 30000, 'PH001'),
(1015, 'Minggu', '11.00-12.00', 30000, 'PH001'),
(1016, 'Minggu', '12.00-13.00', 30000, 'PH001'),
(1017, 'Minggu', '13.00-14.00', 30000, 'PH001'),
(1018, 'Minggu', '14.00-15.00', 30000, 'PH001'),
(1019, 'Minggu', '15.00-16.00', 30000, 'PH001'),
(1020, 'Minggu', '16.00-17.00', 30000, 'PH001'),
(1021, 'Minggu', '17.00-18.00', 30000, 'PH001'),
(1022, 'Minggu', '18.00-19.00', 30000, 'PH001'),
(1023, 'Minggu', '19.00-20.00', 30000, 'PH001'),
(1024, 'Minggu', '20.00-21.00', 30000, 'PH001'),
(1025, 'Minggu', '21.00-22.00', 30000, 'PH001'),
(1027, 'Senin', '07.00-08.00', 30000, 'PH002'),
(1028, 'Senin', '08.00-09.00', 30000, 'PH002'),
(1029, 'Senin', '09.00-10.00', 30000, 'PH002'),
(1030, 'Senin', '10.00-11.00', 30000, 'PH002'),
(1031, 'Senin', '11.00-12.00', 30000, 'PH002'),
(1032, 'Senin', '12.00-13.00', 30000, 'PH002'),
(1033, 'Senin', '13.00-14.00', 30000, 'PH002'),
(1034, 'Senin', '14.00-15.00', 30000, 'PH002'),
(1035, 'Senin', '15.00-16.00', 30000, 'PH002'),
(1036, 'Senin', '16.00-17.00', 30000, 'PH002'),
(1037, 'Senin', '17.00-18.00', 30000, 'PH002'),
(1038, 'Senin', '18.00-19.00', 30000, 'PH002'),
(1039, 'Senin', '19.00-20.00', 30000, 'PH002'),
(1040, 'Senin', '20.00-21.00', 30000, 'PH002'),
(1041, 'Senin', '21.00-22.00', 30000, 'PH002'),
(1042, 'Selasa', '07.00-08.00', 30000, 'PH002'),
(1043, 'Selasa', '08.00-09.00', 30000, 'PH002'),
(1044, 'Selasa', '09.00-10.00', 30000, 'PH002'),
(1045, 'Selasa', '10.00-11.00', 30000, 'PH002'),
(1046, 'Selasa', '11.00-12.00', 30000, 'PH002'),
(1047, 'Selasa', '12.00-13.00', 30000, 'PH002'),
(1048, 'Selasa', '13.00-14.00', 30000, 'PH002'),
(1049, 'Selasa', '14.00-15.00', 30000, 'PH002'),
(1050, 'Selasa', '15.00-16.00', 30000, 'PH002'),
(1051, 'Selasa', '16.00-17.00', 30000, 'PH002'),
(1052, 'Selasa', '17.00-18.00', 30000, 'PH002'),
(1053, 'Selasa', '18.00-19.00', 30000, 'PH002'),
(1054, 'Selasa', '19.00-20.00', 30000, 'PH002'),
(1055, 'Selasa', '20.00-21.00', 30000, 'PH002'),
(1056, 'Selasa', '21.00-22.00', 30000, 'PH002'),
(1057, 'Rabu', '07.00-08.00', 30000, 'PH002'),
(1058, 'Rabu', '08.00-09.00', 30000, 'PH002'),
(1059, 'Rabu', '09.00-10.00', 30000, 'PH002'),
(1060, 'Rabu', '10.00-11.00', 30000, 'PH002'),
(1061, 'Rabu', '11.00-12.00', 30000, 'PH002'),
(1062, 'Rabu', '12.00-13.00', 30000, 'PH002'),
(1063, 'Rabu', '13.00-14.00', 30000, 'PH002'),
(1064, 'Rabu', '14.00-15.00', 30000, 'PH002'),
(1065, 'Rabu', '15.00-16.00', 30000, 'PH002'),
(1066, 'Rabu', '16.00-17.00', 30000, 'PH002'),
(1067, 'Rabu', '17.00-18.00', 30000, 'PH002'),
(1068, 'Rabu', '18.00-19.00', 30000, 'PH002'),
(1069, 'Rabu', '19.00-20.00', 30000, 'PH002'),
(1070, 'Rabu', '20.00-21.00', 30000, 'PH002'),
(1071, 'Rabu', '21.00-22.00', 30000, 'PH002'),
(1072, 'Kamis', '07.00-08.00', 30000, 'PH002'),
(1073, 'Kamis', '08.00-09.00', 30000, 'PH002'),
(1074, 'Kamis', '09.00-10.00', 30000, 'PH002'),
(1075, 'Kamis', '10.00-11.00', 30000, 'PH002'),
(1076, 'Kamis', '11.00-12.00', 30000, 'PH002'),
(1077, 'Kamis', '12.00-13.00', 30000, 'PH002'),
(1078, 'Kamis', '13.00-14.00', 30000, 'PH002'),
(1079, 'Kamis', '14.00-15.00', 30000, 'PH002'),
(1080, 'Kamis', '15.00-16.00', 30000, 'PH002'),
(1081, 'Kamis', '16.00-17.00', 30000, 'PH002'),
(1082, 'Kamis', '17.00-18.00', 30000, 'PH002'),
(1083, 'Kamis', '18.00-19.00', 30000, 'PH002'),
(1084, 'Kamis', '19.00-20.00', 30000, 'PH002'),
(1085, 'Kamis', '20.00-21.00', 30000, 'PH002'),
(1086, 'Kamis', '21.00-22.00', 30000, 'PH002'),
(1087, 'Jumat', '07.00-08.00', 30000, 'PH002'),
(1088, 'Jumat', '08.00-09.00', 30000, 'PH002'),
(1089, 'Jumat', '09.00-10.00', 30000, 'PH002'),
(1090, 'Jumat', '10.00-11.00', 30000, 'PH002'),
(1091, 'Jumat', '11.00-12.00', 30000, 'PH002'),
(1092, 'Jumat', '12.00-13.00', 30000, 'PH002'),
(1093, 'Jumat', '13.00-14.00', 30000, 'PH002'),
(1094, 'Jumat', '14.00-15.00', 30000, 'PH002'),
(1095, 'Jumat', '15.00-16.00', 30000, 'PH002'),
(1096, 'Jumat', '16.00-17.00', 30000, 'PH002'),
(1097, 'Jumat', '17.00-18.00', 30000, 'PH002'),
(1098, 'Jumat', '18.00-19.00', 30000, 'PH002'),
(1099, 'Jumat', '19.00-20.00', 30000, 'PH002'),
(1100, 'Jumat', '20.00-21.00', 30000, 'PH002'),
(1101, 'Jumat', '21.00-22.00', 30000, 'PH002'),
(1102, 'Sabtu', '07.00-08.00', 30000, 'PH002'),
(1103, 'Sabtu', '08.00-09.00', 30000, 'PH002'),
(1104, 'Sabtu', '09.00-10.00', 30000, 'PH002'),
(1105, 'Sabtu', '10.00-11.00', 30000, 'PH002'),
(1106, 'Sabtu', '11.00-12.00', 30000, 'PH002'),
(1107, 'Sabtu', '12.00-13.00', 30000, 'PH002'),
(1108, 'Sabtu', '13.00-14.00', 30000, 'PH002'),
(1109, 'Sabtu', '14.00-15.00', 30000, 'PH002'),
(1110, 'Sabtu', '15.00-16.00', 30000, 'PH002'),
(1111, 'Sabtu', '16.00-17.00', 30000, 'PH002'),
(1112, 'Sabtu', '17.00-18.00', 30000, 'PH002'),
(1113, 'Sabtu', '18.00-19.00', 30000, 'PH002'),
(1114, 'Sabtu', '19.00-20.00', 30000, 'PH002'),
(1115, 'Sabtu', '20.00-21.00', 30000, 'PH002'),
(1116, 'Sabtu', '21.00-22.00', 30000, 'PH002'),
(1117, 'Minggu', '07.00-08.00', 30000, 'PH002'),
(1118, 'Minggu', '08.00-09.00', 30000, 'PH002'),
(1119, 'Minggu', '09.00-10.00', 30000, 'PH002'),
(1120, 'Minggu', '10.00-11.00', 30000, 'PH002'),
(1121, 'Minggu', '11.00-12.00', 30000, 'PH002'),
(1122, 'Minggu', '12.00-13.00', 30000, 'PH002'),
(1123, 'Minggu', '13.00-14.00', 30000, 'PH002'),
(1124, 'Minggu', '14.00-15.00', 30000, 'PH002'),
(1125, 'Minggu', '15.00-16.00', 30000, 'PH002'),
(1126, 'Minggu', '16.00-17.00', 30000, 'PH002'),
(1127, 'Minggu', '17.00-18.00', 30000, 'PH002'),
(1128, 'Minggu', '18.00-19.00', 30000, 'PH002'),
(1129, 'Minggu', '19.00-20.00', 30000, 'PH002'),
(1130, 'Minggu', '20.00-21.00', 30000, 'PH002'),
(1131, 'Minggu', '21.00-22.00', 30000, 'PH002'),
(1133, 'Senin', '07.00-08.00', 30000, 'PH003'),
(1134, 'Senin', '08.00-09.00', 30000, 'PH003'),
(1135, 'Senin', '09.00-10.00', 30000, 'PH003'),
(1136, 'Senin', '10.00-11.00', 30000, 'PH003'),
(1137, 'Senin', '11.00-12.00', 30000, 'PH003'),
(1138, 'Senin', '12.00-13.00', 30000, 'PH003'),
(1139, 'Senin', '13.00-14.00', 30000, 'PH003'),
(1140, 'Senin', '14.00-15.00', 30000, 'PH003'),
(1141, 'Senin', '15.00-16.00', 30000, 'PH003'),
(1142, 'Senin', '16.00-17.00', 30000, 'PH003'),
(1143, 'Senin', '17.00-18.00', 30000, 'PH003'),
(1144, 'Senin', '18.00-19.00', 30000, 'PH003'),
(1145, 'Senin', '19.00-20.00', 30000, 'PH003'),
(1146, 'Senin', '20.00-21.00', 30000, 'PH003'),
(1147, 'Senin', '21.00-22.00', 30000, 'PH003'),
(1148, 'Selasa', '07.00-08.00', 30000, 'PH003'),
(1149, 'Selasa', '08.00-09.00', 30000, 'PH003'),
(1150, 'Selasa', '09.00-10.00', 30000, 'PH003'),
(1151, 'Selasa', '10.00-11.00', 30000, 'PH003'),
(1152, 'Selasa', '11.00-12.00', 30000, 'PH003'),
(1153, 'Selasa', '12.00-13.00', 30000, 'PH003'),
(1154, 'Selasa', '13.00-14.00', 30000, 'PH003'),
(1155, 'Selasa', '14.00-15.00', 30000, 'PH003'),
(1156, 'Selasa', '15.00-16.00', 30000, 'PH003'),
(1157, 'Selasa', '16.00-17.00', 30000, 'PH003'),
(1158, 'Selasa', '17.00-18.00', 30000, 'PH003'),
(1159, 'Selasa', '18.00-19.00', 30000, 'PH003'),
(1160, 'Selasa', '19.00-20.00', 30000, 'PH003'),
(1161, 'Selasa', '20.00-21.00', 30000, 'PH003'),
(1162, 'Selasa', '21.00-22.00', 30000, 'PH003'),
(1163, 'Rabu', '07.00-08.00', 30000, 'PH003'),
(1164, 'Rabu', '08.00-09.00', 30000, 'PH003'),
(1165, 'Rabu', '09.00-10.00', 30000, 'PH003'),
(1166, 'Rabu', '10.00-11.00', 30000, 'PH003'),
(1167, 'Rabu', '11.00-12.00', 30000, 'PH003'),
(1168, 'Rabu', '12.00-13.00', 30000, 'PH003'),
(1169, 'Rabu', '13.00-14.00', 30000, 'PH003'),
(1170, 'Rabu', '14.00-15.00', 30000, 'PH003'),
(1171, 'Rabu', '15.00-16.00', 30000, 'PH003'),
(1172, 'Rabu', '16.00-17.00', 30000, 'PH003'),
(1173, 'Rabu', '17.00-18.00', 30000, 'PH003'),
(1174, 'Rabu', '18.00-19.00', 30000, 'PH003'),
(1175, 'Rabu', '19.00-20.00', 30000, 'PH003'),
(1176, 'Rabu', '20.00-21.00', 30000, 'PH003'),
(1177, 'Rabu', '21.00-22.00', 30000, 'PH003'),
(1178, 'Kamis', '07.00-08.00', 30000, 'PH003'),
(1179, 'Kamis', '08.00-09.00', 30000, 'PH003'),
(1180, 'Kamis', '09.00-10.00', 30000, 'PH003'),
(1181, 'Kamis', '10.00-11.00', 30000, 'PH003'),
(1182, 'Kamis', '11.00-12.00', 30000, 'PH003'),
(1183, 'Kamis', '12.00-13.00', 30000, 'PH003'),
(1184, 'Kamis', '13.00-14.00', 30000, 'PH003'),
(1185, 'Kamis', '14.00-15.00', 30000, 'PH003'),
(1186, 'Kamis', '15.00-16.00', 30000, 'PH003'),
(1187, 'Kamis', '16.00-17.00', 30000, 'PH003'),
(1188, 'Kamis', '17.00-18.00', 30000, 'PH003'),
(1189, 'Kamis', '18.00-19.00', 30000, 'PH003'),
(1190, 'Kamis', '19.00-20.00', 30000, 'PH003'),
(1191, 'Kamis', '20.00-21.00', 30000, 'PH003'),
(1192, 'Kamis', '21.00-22.00', 30000, 'PH003'),
(1193, 'Jumat', '07.00-08.00', 30000, 'PH003'),
(1194, 'Jumat', '08.00-09.00', 30000, 'PH003'),
(1195, 'Jumat', '09.00-10.00', 30000, 'PH003'),
(1196, 'Jumat', '10.00-11.00', 30000, 'PH003'),
(1197, 'Jumat', '11.00-12.00', 30000, 'PH003'),
(1198, 'Jumat', '12.00-13.00', 30000, 'PH003'),
(1199, 'Jumat', '13.00-14.00', 30000, 'PH003'),
(1200, 'Jumat', '14.00-15.00', 30000, 'PH003'),
(1201, 'Jumat', '15.00-16.00', 30000, 'PH003'),
(1202, 'Jumat', '16.00-17.00', 30000, 'PH003'),
(1203, 'Jumat', '17.00-18.00', 30000, 'PH003'),
(1204, 'Jumat', '18.00-19.00', 30000, 'PH003'),
(1205, 'Jumat', '19.00-20.00', 30000, 'PH003'),
(1206, 'Jumat', '20.00-21.00', 30000, 'PH003'),
(1207, 'Jumat', '21.00-22.00', 30000, 'PH003'),
(1208, 'Sabtu', '07.00-08.00', 30000, 'PH003'),
(1209, 'Sabtu', '08.00-09.00', 30000, 'PH003'),
(1210, 'Sabtu', '09.00-10.00', 30000, 'PH003'),
(1211, 'Sabtu', '10.00-11.00', 30000, 'PH003'),
(1212, 'Sabtu', '11.00-12.00', 30000, 'PH003'),
(1213, 'Sabtu', '12.00-13.00', 30000, 'PH003'),
(1214, 'Sabtu', '13.00-14.00', 30000, 'PH003'),
(1215, 'Sabtu', '14.00-15.00', 30000, 'PH003'),
(1216, 'Sabtu', '15.00-16.00', 30000, 'PH003'),
(1217, 'Sabtu', '16.00-17.00', 30000, 'PH003'),
(1218, 'Sabtu', '17.00-18.00', 30000, 'PH003'),
(1219, 'Sabtu', '18.00-19.00', 30000, 'PH003'),
(1220, 'Sabtu', '19.00-20.00', 30000, 'PH003'),
(1221, 'Sabtu', '20.00-21.00', 30000, 'PH003'),
(1222, 'Sabtu', '21.00-22.00', 30000, 'PH003'),
(1223, 'Minggu', '07.00-08.00', 30000, 'PH003'),
(1224, 'Minggu', '08.00-09.00', 30000, 'PH003'),
(1225, 'Minggu', '09.00-10.00', 30000, 'PH003'),
(1226, 'Minggu', '10.00-11.00', 30000, 'PH003'),
(1227, 'Minggu', '11.00-12.00', 30000, 'PH003'),
(1228, 'Minggu', '12.00-13.00', 30000, 'PH003'),
(1229, 'Minggu', '13.00-14.00', 30000, 'PH003'),
(1230, 'Minggu', '14.00-15.00', 30000, 'PH003'),
(1231, 'Minggu', '15.00-16.00', 30000, 'PH003'),
(1232, 'Minggu', '16.00-17.00', 30000, 'PH003'),
(1233, 'Minggu', '17.00-18.00', 30000, 'PH003'),
(1234, 'Minggu', '18.00-19.00', 30000, 'PH003'),
(1235, 'Minggu', '19.00-20.00', 30000, 'PH003'),
(1236, 'Minggu', '20.00-21.00', 30000, 'PH003'),
(1237, 'Minggu', '21.00-22.00', 30000, 'PH003'),
(1239, 'Senin', '07.00-08.00', 30000, 'PH004'),
(1240, 'Senin', '08.00-09.00', 30000, 'PH004'),
(1241, 'Senin', '09.00-10.00', 30000, 'PH004'),
(1242, 'Senin', '10.00-11.00', 30000, 'PH004'),
(1243, 'Senin', '11.00-12.00', 30000, 'PH004'),
(1244, 'Senin', '12.00-13.00', 30000, 'PH004'),
(1245, 'Senin', '13.00-14.00', 30000, 'PH004'),
(1246, 'Senin', '14.00-15.00', 30000, 'PH004'),
(1247, 'Senin', '15.00-16.00', 30000, 'PH004'),
(1248, 'Senin', '16.00-17.00', 30000, 'PH004'),
(1249, 'Senin', '17.00-18.00', 30000, 'PH004'),
(1250, 'Senin', '18.00-19.00', 30000, 'PH004'),
(1251, 'Senin', '19.00-20.00', 30000, 'PH004'),
(1252, 'Senin', '20.00-21.00', 30000, 'PH004'),
(1253, 'Senin', '21.00-22.00', 30000, 'PH004'),
(1254, 'Selasa', '07.00-08.00', 30000, 'PH004'),
(1255, 'Selasa', '08.00-09.00', 30000, 'PH004'),
(1256, 'Selasa', '09.00-10.00', 30000, 'PH004'),
(1257, 'Selasa', '10.00-11.00', 30000, 'PH004'),
(1258, 'Selasa', '11.00-12.00', 30000, 'PH004'),
(1259, 'Selasa', '12.00-13.00', 30000, 'PH004'),
(1260, 'Selasa', '13.00-14.00', 30000, 'PH004'),
(1261, 'Selasa', '14.00-15.00', 30000, 'PH004'),
(1262, 'Selasa', '15.00-16.00', 30000, 'PH004'),
(1263, 'Selasa', '16.00-17.00', 30000, 'PH004'),
(1264, 'Selasa', '17.00-18.00', 30000, 'PH004'),
(1265, 'Selasa', '18.00-19.00', 30000, 'PH004'),
(1266, 'Selasa', '19.00-20.00', 30000, 'PH004'),
(1267, 'Selasa', '20.00-21.00', 30000, 'PH004'),
(1268, 'Selasa', '21.00-22.00', 30000, 'PH004'),
(1269, 'Rabu', '07.00-08.00', 30000, 'PH004'),
(1270, 'Rabu', '08.00-09.00', 30000, 'PH004'),
(1271, 'Rabu', '09.00-10.00', 30000, 'PH004'),
(1272, 'Rabu', '10.00-11.00', 30000, 'PH004'),
(1273, 'Rabu', '11.00-12.00', 30000, 'PH004'),
(1274, 'Rabu', '12.00-13.00', 30000, 'PH004'),
(1275, 'Rabu', '13.00-14.00', 30000, 'PH004'),
(1276, 'Rabu', '14.00-15.00', 30000, 'PH004'),
(1277, 'Rabu', '15.00-16.00', 30000, 'PH004'),
(1278, 'Rabu', '16.00-17.00', 30000, 'PH004'),
(1279, 'Rabu', '17.00-18.00', 30000, 'PH004'),
(1280, 'Rabu', '18.00-19.00', 30000, 'PH004'),
(1281, 'Rabu', '19.00-20.00', 30000, 'PH004'),
(1282, 'Rabu', '20.00-21.00', 30000, 'PH004'),
(1283, 'Rabu', '21.00-22.00', 30000, 'PH004'),
(1284, 'Kamis', '07.00-08.00', 30000, 'PH004'),
(1285, 'Kamis', '08.00-09.00', 30000, 'PH004'),
(1286, 'Kamis', '09.00-10.00', 30000, 'PH004'),
(1287, 'Kamis', '10.00-11.00', 30000, 'PH004'),
(1288, 'Kamis', '11.00-12.00', 30000, 'PH004'),
(1289, 'Kamis', '12.00-13.00', 30000, 'PH004'),
(1290, 'Kamis', '13.00-14.00', 30000, 'PH004'),
(1291, 'Kamis', '14.00-15.00', 30000, 'PH004'),
(1292, 'Kamis', '15.00-16.00', 30000, 'PH004'),
(1293, 'Kamis', '16.00-17.00', 30000, 'PH004'),
(1294, 'Kamis', '17.00-18.00', 30000, 'PH004'),
(1295, 'Kamis', '18.00-19.00', 30000, 'PH004'),
(1296, 'Kamis', '19.00-20.00', 30000, 'PH004'),
(1297, 'Kamis', '20.00-21.00', 30000, 'PH004'),
(1298, 'Kamis', '21.00-22.00', 30000, 'PH004'),
(1299, 'Jumat', '07.00-08.00', 30000, 'PH004'),
(1300, 'Jumat', '08.00-09.00', 30000, 'PH004'),
(1301, 'Jumat', '09.00-10.00', 30000, 'PH004'),
(1302, 'Jumat', '10.00-11.00', 30000, 'PH004'),
(1303, 'Jumat', '11.00-12.00', 30000, 'PH004'),
(1304, 'Jumat', '12.00-13.00', 30000, 'PH004'),
(1305, 'Jumat', '13.00-14.00', 30000, 'PH004'),
(1306, 'Jumat', '14.00-15.00', 30000, 'PH004'),
(1307, 'Jumat', '15.00-16.00', 30000, 'PH004'),
(1308, 'Jumat', '16.00-17.00', 30000, 'PH004'),
(1309, 'Jumat', '17.00-18.00', 30000, 'PH004'),
(1310, 'Jumat', '18.00-19.00', 30000, 'PH004'),
(1311, 'Jumat', '19.00-20.00', 30000, 'PH004'),
(1312, 'Jumat', '20.00-21.00', 30000, 'PH004'),
(1313, 'Jumat', '21.00-22.00', 30000, 'PH004'),
(1314, 'Sabtu', '07.00-08.00', 30000, 'PH004'),
(1315, 'Sabtu', '08.00-09.00', 30000, 'PH004'),
(1316, 'Sabtu', '09.00-10.00', 30000, 'PH004'),
(1317, 'Sabtu', '10.00-11.00', 30000, 'PH004'),
(1318, 'Sabtu', '11.00-12.00', 30000, 'PH004'),
(1319, 'Sabtu', '12.00-13.00', 30000, 'PH004'),
(1320, 'Sabtu', '13.00-14.00', 30000, 'PH004'),
(1321, 'Sabtu', '14.00-15.00', 30000, 'PH004'),
(1322, 'Sabtu', '15.00-16.00', 30000, 'PH004'),
(1323, 'Sabtu', '16.00-17.00', 30000, 'PH004'),
(1324, 'Sabtu', '17.00-18.00', 30000, 'PH004'),
(1325, 'Sabtu', '18.00-19.00', 30000, 'PH004'),
(1326, 'Sabtu', '19.00-20.00', 30000, 'PH004'),
(1327, 'Sabtu', '20.00-21.00', 30000, 'PH004'),
(1328, 'Sabtu', '21.00-22.00', 30000, 'PH004'),
(1329, 'Minggu', '07.00-08.00', 30000, 'PH004'),
(1330, 'Minggu', '08.00-09.00', 30000, 'PH004'),
(1331, 'Minggu', '09.00-10.00', 30000, 'PH004'),
(1332, 'Minggu', '10.00-11.00', 30000, 'PH004'),
(1333, 'Minggu', '11.00-12.00', 30000, 'PH004'),
(1334, 'Minggu', '12.00-13.00', 30000, 'PH004'),
(1335, 'Minggu', '13.00-14.00', 30000, 'PH004'),
(1336, 'Minggu', '14.00-15.00', 30000, 'PH004'),
(1337, 'Minggu', '15.00-16.00', 30000, 'PH004'),
(1338, 'Minggu', '16.00-17.00', 30000, 'PH004'),
(1339, 'Minggu', '17.00-18.00', 30000, 'PH004'),
(1340, 'Minggu', '18.00-19.00', 30000, 'PH004'),
(1341, 'Minggu', '19.00-20.00', 30000, 'PH004'),
(1342, 'Minggu', '20.00-21.00', 30000, 'PH004'),
(1343, 'Minggu', '21.00-22.00', 30000, 'PH004'),
(1345, 'Senin', '07.00-08.00', 30000, 'PH005'),
(1346, 'Senin', '08.00-09.00', 30000, 'PH005'),
(1347, 'Senin', '09.00-10.00', 30000, 'PH005'),
(1348, 'Senin', '10.00-11.00', 30000, 'PH005'),
(1349, 'Senin', '11.00-12.00', 30000, 'PH005'),
(1350, 'Senin', '12.00-13.00', 30000, 'PH005'),
(1351, 'Senin', '13.00-14.00', 30000, 'PH005'),
(1352, 'Senin', '14.00-15.00', 30000, 'PH005'),
(1353, 'Senin', '15.00-16.00', 30000, 'PH005'),
(1354, 'Senin', '16.00-17.00', 30000, 'PH005'),
(1355, 'Senin', '17.00-18.00', 30000, 'PH005'),
(1356, 'Senin', '18.00-19.00', 30000, 'PH005'),
(1357, 'Senin', '19.00-20.00', 30000, 'PH005'),
(1358, 'Senin', '20.00-21.00', 30000, 'PH005'),
(1359, 'Senin', '21.00-22.00', 30000, 'PH005'),
(1360, 'Selasa', '07.00-08.00', 30000, 'PH005'),
(1361, 'Selasa', '08.00-09.00', 30000, 'PH005'),
(1362, 'Selasa', '09.00-10.00', 30000, 'PH005'),
(1363, 'Selasa', '10.00-11.00', 30000, 'PH005'),
(1364, 'Selasa', '11.00-12.00', 30000, 'PH005'),
(1365, 'Selasa', '12.00-13.00', 30000, 'PH005'),
(1366, 'Selasa', '13.00-14.00', 30000, 'PH005'),
(1367, 'Selasa', '14.00-15.00', 30000, 'PH005'),
(1368, 'Selasa', '15.00-16.00', 30000, 'PH005'),
(1369, 'Selasa', '16.00-17.00', 30000, 'PH005'),
(1370, 'Selasa', '17.00-18.00', 30000, 'PH005'),
(1371, 'Selasa', '18.00-19.00', 30000, 'PH005'),
(1372, 'Selasa', '19.00-20.00', 30000, 'PH005'),
(1373, 'Selasa', '20.00-21.00', 30000, 'PH005'),
(1374, 'Selasa', '21.00-22.00', 30000, 'PH005'),
(1375, 'Rabu', '07.00-08.00', 30000, 'PH005'),
(1376, 'Rabu', '08.00-09.00', 30000, 'PH005'),
(1377, 'Rabu', '09.00-10.00', 30000, 'PH005'),
(1378, 'Rabu', '10.00-11.00', 30000, 'PH005'),
(1379, 'Rabu', '11.00-12.00', 30000, 'PH005'),
(1380, 'Rabu', '12.00-13.00', 30000, 'PH005');
INSERT INTO `ref_harga` (`Harga_Id`, `Harga_Hari`, `Harga_Jam`, `Harga_Biaya`, `Sor_Kode`) VALUES
(1381, 'Rabu', '13.00-14.00', 30000, 'PH005'),
(1382, 'Rabu', '14.00-15.00', 30000, 'PH005'),
(1383, 'Rabu', '15.00-16.00', 30000, 'PH005'),
(1384, 'Rabu', '16.00-17.00', 30000, 'PH005'),
(1385, 'Rabu', '17.00-18.00', 30000, 'PH005'),
(1386, 'Rabu', '18.00-19.00', 30000, 'PH005'),
(1387, 'Rabu', '19.00-20.00', 30000, 'PH005'),
(1388, 'Rabu', '20.00-21.00', 30000, 'PH005'),
(1389, 'Rabu', '21.00-22.00', 30000, 'PH005'),
(1390, 'Kamis', '07.00-08.00', 30000, 'PH005'),
(1391, 'Kamis', '08.00-09.00', 30000, 'PH005'),
(1392, 'Kamis', '09.00-10.00', 30000, 'PH005'),
(1393, 'Kamis', '10.00-11.00', 30000, 'PH005'),
(1394, 'Kamis', '11.00-12.00', 30000, 'PH005'),
(1395, 'Kamis', '12.00-13.00', 30000, 'PH005'),
(1396, 'Kamis', '13.00-14.00', 30000, 'PH005'),
(1397, 'Kamis', '14.00-15.00', 30000, 'PH005'),
(1398, 'Kamis', '15.00-16.00', 30000, 'PH005'),
(1399, 'Kamis', '16.00-17.00', 30000, 'PH005'),
(1400, 'Kamis', '17.00-18.00', 30000, 'PH005'),
(1401, 'Kamis', '18.00-19.00', 30000, 'PH005'),
(1402, 'Kamis', '19.00-20.00', 30000, 'PH005'),
(1403, 'Kamis', '20.00-21.00', 30000, 'PH005'),
(1404, 'Kamis', '21.00-22.00', 30000, 'PH005'),
(1405, 'Jumat', '07.00-08.00', 30000, 'PH005'),
(1406, 'Jumat', '08.00-09.00', 30000, 'PH005'),
(1407, 'Jumat', '09.00-10.00', 30000, 'PH005'),
(1408, 'Jumat', '10.00-11.00', 30000, 'PH005'),
(1409, 'Jumat', '11.00-12.00', 30000, 'PH005'),
(1410, 'Jumat', '12.00-13.00', 30000, 'PH005'),
(1411, 'Jumat', '13.00-14.00', 30000, 'PH005'),
(1412, 'Jumat', '14.00-15.00', 30000, 'PH005'),
(1413, 'Jumat', '15.00-16.00', 30000, 'PH005'),
(1414, 'Jumat', '16.00-17.00', 30000, 'PH005'),
(1415, 'Jumat', '17.00-18.00', 30000, 'PH005'),
(1416, 'Jumat', '18.00-19.00', 30000, 'PH005'),
(1417, 'Jumat', '19.00-20.00', 30000, 'PH005'),
(1418, 'Jumat', '20.00-21.00', 30000, 'PH005'),
(1419, 'Jumat', '21.00-22.00', 30000, 'PH005'),
(1420, 'Sabtu', '07.00-08.00', 30000, 'PH005'),
(1421, 'Sabtu', '08.00-09.00', 30000, 'PH005'),
(1422, 'Sabtu', '09.00-10.00', 30000, 'PH005'),
(1423, 'Sabtu', '10.00-11.00', 30000, 'PH005'),
(1424, 'Sabtu', '11.00-12.00', 30000, 'PH005'),
(1425, 'Sabtu', '12.00-13.00', 30000, 'PH005'),
(1426, 'Sabtu', '13.00-14.00', 30000, 'PH005'),
(1427, 'Sabtu', '14.00-15.00', 30000, 'PH005'),
(1428, 'Sabtu', '15.00-16.00', 30000, 'PH005'),
(1429, 'Sabtu', '16.00-17.00', 30000, 'PH005'),
(1430, 'Sabtu', '17.00-18.00', 30000, 'PH005'),
(1431, 'Sabtu', '18.00-19.00', 30000, 'PH005'),
(1432, 'Sabtu', '19.00-20.00', 30000, 'PH005'),
(1433, 'Sabtu', '20.00-21.00', 30000, 'PH005'),
(1434, 'Sabtu', '21.00-22.00', 30000, 'PH005'),
(1435, 'Minggu', '07.00-08.00', 30000, 'PH005'),
(1436, 'Minggu', '08.00-09.00', 30000, 'PH005'),
(1437, 'Minggu', '09.00-10.00', 30000, 'PH005'),
(1438, 'Minggu', '10.00-11.00', 30000, 'PH005'),
(1439, 'Minggu', '11.00-12.00', 30000, 'PH005'),
(1440, 'Minggu', '12.00-13.00', 30000, 'PH005'),
(1441, 'Minggu', '13.00-14.00', 30000, 'PH005'),
(1442, 'Minggu', '14.00-15.00', 30000, 'PH005'),
(1443, 'Minggu', '15.00-16.00', 30000, 'PH005'),
(1444, 'Minggu', '16.00-17.00', 30000, 'PH005'),
(1445, 'Minggu', '17.00-18.00', 30000, 'PH005'),
(1446, 'Minggu', '18.00-19.00', 30000, 'PH005'),
(1447, 'Minggu', '19.00-20.00', 30000, 'PH005'),
(1448, 'Minggu', '20.00-21.00', 30000, 'PH005'),
(1449, 'Minggu', '21.00-22.00', 30000, 'PH005'),
(1451, 'Senin', '07.00-08.00', 30000, 'PH006'),
(1452, 'Senin', '08.00-09.00', 30000, 'PH006'),
(1453, 'Senin', '09.00-10.00', 30000, 'PH006'),
(1454, 'Senin', '10.00-11.00', 30000, 'PH006'),
(1455, 'Senin', '11.00-12.00', 30000, 'PH006'),
(1456, 'Senin', '12.00-13.00', 30000, 'PH006'),
(1457, 'Senin', '13.00-14.00', 30000, 'PH006'),
(1458, 'Senin', '14.00-15.00', 30000, 'PH006'),
(1459, 'Senin', '15.00-16.00', 30000, 'PH006'),
(1460, 'Senin', '16.00-17.00', 30000, 'PH006'),
(1461, 'Senin', '17.00-18.00', 30000, 'PH006'),
(1462, 'Senin', '18.00-19.00', 30000, 'PH006'),
(1463, 'Senin', '19.00-20.00', 30000, 'PH006'),
(1464, 'Senin', '20.00-21.00', 30000, 'PH006'),
(1465, 'Senin', '21.00-22.00', 30000, 'PH006'),
(1466, 'Selasa', '07.00-08.00', 30000, 'PH006'),
(1467, 'Selasa', '08.00-09.00', 30000, 'PH006'),
(1468, 'Selasa', '09.00-10.00', 30000, 'PH006'),
(1469, 'Selasa', '10.00-11.00', 30000, 'PH006'),
(1470, 'Selasa', '11.00-12.00', 30000, 'PH006'),
(1471, 'Selasa', '12.00-13.00', 30000, 'PH006'),
(1472, 'Selasa', '13.00-14.00', 30000, 'PH006'),
(1473, 'Selasa', '14.00-15.00', 30000, 'PH006'),
(1474, 'Selasa', '15.00-16.00', 30000, 'PH006'),
(1475, 'Selasa', '16.00-17.00', 30000, 'PH006'),
(1476, 'Selasa', '17.00-18.00', 30000, 'PH006'),
(1477, 'Selasa', '18.00-19.00', 30000, 'PH006'),
(1478, 'Selasa', '19.00-20.00', 30000, 'PH006'),
(1479, 'Selasa', '20.00-21.00', 30000, 'PH006'),
(1480, 'Selasa', '21.00-22.00', 30000, 'PH006'),
(1481, 'Rabu', '07.00-08.00', 30000, 'PH006'),
(1482, 'Rabu', '08.00-09.00', 30000, 'PH006'),
(1483, 'Rabu', '09.00-10.00', 30000, 'PH006'),
(1484, 'Rabu', '10.00-11.00', 30000, 'PH006'),
(1485, 'Rabu', '11.00-12.00', 30000, 'PH006'),
(1486, 'Rabu', '12.00-13.00', 30000, 'PH006'),
(1487, 'Rabu', '13.00-14.00', 30000, 'PH006'),
(1488, 'Rabu', '14.00-15.00', 30000, 'PH006'),
(1489, 'Rabu', '15.00-16.00', 30000, 'PH006'),
(1490, 'Rabu', '16.00-17.00', 30000, 'PH006'),
(1491, 'Rabu', '17.00-18.00', 30000, 'PH006'),
(1492, 'Rabu', '18.00-19.00', 30000, 'PH006'),
(1493, 'Rabu', '19.00-20.00', 30000, 'PH006'),
(1494, 'Rabu', '20.00-21.00', 30000, 'PH006'),
(1495, 'Rabu', '21.00-22.00', 30000, 'PH006'),
(1496, 'Kamis', '07.00-08.00', 30000, 'PH006'),
(1497, 'Kamis', '08.00-09.00', 30000, 'PH006'),
(1498, 'Kamis', '09.00-10.00', 30000, 'PH006'),
(1499, 'Kamis', '10.00-11.00', 30000, 'PH006'),
(1500, 'Kamis', '11.00-12.00', 30000, 'PH006'),
(1501, 'Kamis', '12.00-13.00', 30000, 'PH006'),
(1502, 'Kamis', '13.00-14.00', 30000, 'PH006'),
(1503, 'Kamis', '14.00-15.00', 30000, 'PH006'),
(1504, 'Kamis', '15.00-16.00', 30000, 'PH006'),
(1505, 'Kamis', '16.00-17.00', 30000, 'PH006'),
(1506, 'Kamis', '17.00-18.00', 30000, 'PH006'),
(1507, 'Kamis', '18.00-19.00', 30000, 'PH006'),
(1508, 'Kamis', '19.00-20.00', 30000, 'PH006'),
(1509, 'Kamis', '20.00-21.00', 30000, 'PH006'),
(1510, 'Kamis', '21.00-22.00', 30000, 'PH006'),
(1511, 'Jumat', '07.00-08.00', 30000, 'PH006'),
(1512, 'Jumat', '08.00-09.00', 30000, 'PH006'),
(1513, 'Jumat', '09.00-10.00', 30000, 'PH006'),
(1514, 'Jumat', '10.00-11.00', 30000, 'PH006'),
(1515, 'Jumat', '11.00-12.00', 30000, 'PH006'),
(1516, 'Jumat', '12.00-13.00', 30000, 'PH006'),
(1517, 'Jumat', '13.00-14.00', 30000, 'PH006'),
(1518, 'Jumat', '14.00-15.00', 30000, 'PH006'),
(1519, 'Jumat', '15.00-16.00', 30000, 'PH006'),
(1520, 'Jumat', '16.00-17.00', 30000, 'PH006'),
(1521, 'Jumat', '17.00-18.00', 30000, 'PH006'),
(1522, 'Jumat', '18.00-19.00', 30000, 'PH006'),
(1523, 'Jumat', '19.00-20.00', 30000, 'PH006'),
(1524, 'Jumat', '20.00-21.00', 30000, 'PH006'),
(1525, 'Jumat', '21.00-22.00', 30000, 'PH006'),
(1526, 'Sabtu', '07.00-08.00', 30000, 'PH006'),
(1527, 'Sabtu', '08.00-09.00', 30000, 'PH006'),
(1528, 'Sabtu', '09.00-10.00', 30000, 'PH006'),
(1529, 'Sabtu', '10.00-11.00', 30000, 'PH006'),
(1530, 'Sabtu', '11.00-12.00', 30000, 'PH006'),
(1531, 'Sabtu', '12.00-13.00', 30000, 'PH006'),
(1532, 'Sabtu', '13.00-14.00', 30000, 'PH006'),
(1533, 'Sabtu', '14.00-15.00', 30000, 'PH006'),
(1534, 'Sabtu', '15.00-16.00', 30000, 'PH006'),
(1535, 'Sabtu', '16.00-17.00', 30000, 'PH006'),
(1536, 'Sabtu', '17.00-18.00', 30000, 'PH006'),
(1537, 'Sabtu', '18.00-19.00', 30000, 'PH006'),
(1538, 'Sabtu', '19.00-20.00', 30000, 'PH006'),
(1539, 'Sabtu', '20.00-21.00', 30000, 'PH006'),
(1540, 'Sabtu', '21.00-22.00', 30000, 'PH006'),
(1541, 'Minggu', '07.00-08.00', 30000, 'PH006'),
(1542, 'Minggu', '08.00-09.00', 30000, 'PH006'),
(1543, 'Minggu', '09.00-10.00', 30000, 'PH006'),
(1544, 'Minggu', '10.00-11.00', 30000, 'PH006'),
(1545, 'Minggu', '11.00-12.00', 30000, 'PH006'),
(1546, 'Minggu', '12.00-13.00', 30000, 'PH006'),
(1547, 'Minggu', '13.00-14.00', 30000, 'PH006'),
(1548, 'Minggu', '14.00-15.00', 30000, 'PH006'),
(1549, 'Minggu', '15.00-16.00', 30000, 'PH006'),
(1550, 'Minggu', '16.00-17.00', 30000, 'PH006'),
(1551, 'Minggu', '17.00-18.00', 30000, 'PH006'),
(1552, 'Minggu', '18.00-19.00', 30000, 'PH006'),
(1553, 'Minggu', '19.00-20.00', 30000, 'PH006'),
(1554, 'Minggu', '20.00-21.00', 30000, 'PH006'),
(1555, 'Minggu', '21.00-22.00', 30000, 'PH006'),
(1557, 'Senin', '07.00-08.00', 30000, 'PH007'),
(1558, 'Senin', '08.00-09.00', 30000, 'PH007'),
(1559, 'Senin', '09.00-10.00', 30000, 'PH007'),
(1560, 'Senin', '10.00-11.00', 30000, 'PH007'),
(1561, 'Senin', '11.00-12.00', 30000, 'PH007'),
(1562, 'Senin', '12.00-13.00', 30000, 'PH007'),
(1563, 'Senin', '13.00-14.00', 30000, 'PH007'),
(1564, 'Senin', '14.00-15.00', 30000, 'PH007'),
(1565, 'Senin', '15.00-16.00', 30000, 'PH007'),
(1566, 'Senin', '16.00-17.00', 30000, 'PH007'),
(1567, 'Senin', '17.00-18.00', 30000, 'PH007'),
(1568, 'Senin', '18.00-19.00', 30000, 'PH007'),
(1569, 'Senin', '19.00-20.00', 30000, 'PH007'),
(1570, 'Senin', '20.00-21.00', 30000, 'PH007'),
(1571, 'Senin', '21.00-22.00', 30000, 'PH007'),
(1572, 'Selasa', '07.00-08.00', 30000, 'PH007'),
(1573, 'Selasa', '08.00-09.00', 30000, 'PH007'),
(1574, 'Selasa', '09.00-10.00', 30000, 'PH007'),
(1575, 'Selasa', '10.00-11.00', 30000, 'PH007'),
(1576, 'Selasa', '11.00-12.00', 30000, 'PH007'),
(1577, 'Selasa', '12.00-13.00', 30000, 'PH007'),
(1578, 'Selasa', '13.00-14.00', 30000, 'PH007'),
(1579, 'Selasa', '14.00-15.00', 30000, 'PH007'),
(1580, 'Selasa', '15.00-16.00', 30000, 'PH007'),
(1581, 'Selasa', '16.00-17.00', 30000, 'PH007'),
(1582, 'Selasa', '17.00-18.00', 30000, 'PH007'),
(1583, 'Selasa', '18.00-19.00', 30000, 'PH007'),
(1584, 'Selasa', '19.00-20.00', 30000, 'PH007'),
(1585, 'Selasa', '20.00-21.00', 30000, 'PH007'),
(1586, 'Selasa', '21.00-22.00', 30000, 'PH007'),
(1587, 'Rabu', '07.00-08.00', 30000, 'PH007'),
(1588, 'Rabu', '08.00-09.00', 30000, 'PH007'),
(1589, 'Rabu', '09.00-10.00', 30000, 'PH007'),
(1590, 'Rabu', '10.00-11.00', 30000, 'PH007'),
(1591, 'Rabu', '11.00-12.00', 30000, 'PH007'),
(1592, 'Rabu', '12.00-13.00', 30000, 'PH007'),
(1593, 'Rabu', '13.00-14.00', 30000, 'PH007'),
(1594, 'Rabu', '14.00-15.00', 30000, 'PH007'),
(1595, 'Rabu', '15.00-16.00', 30000, 'PH007'),
(1596, 'Rabu', '16.00-17.00', 30000, 'PH007'),
(1597, 'Rabu', '17.00-18.00', 30000, 'PH007'),
(1598, 'Rabu', '18.00-19.00', 30000, 'PH007'),
(1599, 'Rabu', '19.00-20.00', 30000, 'PH007'),
(1600, 'Rabu', '20.00-21.00', 30000, 'PH007'),
(1601, 'Rabu', '21.00-22.00', 30000, 'PH007'),
(1602, 'Kamis', '07.00-08.00', 30000, 'PH007'),
(1603, 'Kamis', '08.00-09.00', 30000, 'PH007'),
(1604, 'Kamis', '09.00-10.00', 30000, 'PH007'),
(1605, 'Kamis', '10.00-11.00', 30000, 'PH007'),
(1606, 'Kamis', '11.00-12.00', 30000, 'PH007'),
(1607, 'Kamis', '12.00-13.00', 30000, 'PH007'),
(1608, 'Kamis', '13.00-14.00', 30000, 'PH007'),
(1609, 'Kamis', '14.00-15.00', 30000, 'PH007'),
(1610, 'Kamis', '15.00-16.00', 30000, 'PH007'),
(1611, 'Kamis', '16.00-17.00', 30000, 'PH007'),
(1612, 'Kamis', '17.00-18.00', 30000, 'PH007'),
(1613, 'Kamis', '18.00-19.00', 30000, 'PH007'),
(1614, 'Kamis', '19.00-20.00', 30000, 'PH007'),
(1615, 'Kamis', '20.00-21.00', 30000, 'PH007'),
(1616, 'Kamis', '21.00-22.00', 30000, 'PH007'),
(1617, 'Jumat', '07.00-08.00', 30000, 'PH007'),
(1618, 'Jumat', '08.00-09.00', 30000, 'PH007'),
(1619, 'Jumat', '09.00-10.00', 30000, 'PH007'),
(1620, 'Jumat', '10.00-11.00', 30000, 'PH007'),
(1621, 'Jumat', '11.00-12.00', 30000, 'PH007'),
(1622, 'Jumat', '12.00-13.00', 30000, 'PH007'),
(1623, 'Jumat', '13.00-14.00', 30000, 'PH007'),
(1624, 'Jumat', '14.00-15.00', 30000, 'PH007'),
(1625, 'Jumat', '15.00-16.00', 30000, 'PH007'),
(1626, 'Jumat', '16.00-17.00', 30000, 'PH007'),
(1627, 'Jumat', '17.00-18.00', 30000, 'PH007'),
(1628, 'Jumat', '18.00-19.00', 30000, 'PH007'),
(1629, 'Jumat', '19.00-20.00', 30000, 'PH007'),
(1630, 'Jumat', '20.00-21.00', 30000, 'PH007'),
(1631, 'Jumat', '21.00-22.00', 30000, 'PH007'),
(1632, 'Sabtu', '07.00-08.00', 30000, 'PH007'),
(1633, 'Sabtu', '08.00-09.00', 30000, 'PH007'),
(1634, 'Sabtu', '09.00-10.00', 30000, 'PH007'),
(1635, 'Sabtu', '10.00-11.00', 30000, 'PH007'),
(1636, 'Sabtu', '11.00-12.00', 30000, 'PH007'),
(1637, 'Sabtu', '12.00-13.00', 30000, 'PH007'),
(1638, 'Sabtu', '13.00-14.00', 30000, 'PH007'),
(1639, 'Sabtu', '14.00-15.00', 30000, 'PH007'),
(1640, 'Sabtu', '15.00-16.00', 30000, 'PH007'),
(1641, 'Sabtu', '16.00-17.00', 30000, 'PH007'),
(1642, 'Sabtu', '17.00-18.00', 30000, 'PH007'),
(1643, 'Sabtu', '18.00-19.00', 30000, 'PH007'),
(1644, 'Sabtu', '19.00-20.00', 30000, 'PH007'),
(1645, 'Sabtu', '20.00-21.00', 30000, 'PH007'),
(1646, 'Sabtu', '21.00-22.00', 30000, 'PH007'),
(1647, 'Minggu', '07.00-08.00', 30000, 'PH007'),
(1648, 'Minggu', '08.00-09.00', 30000, 'PH007'),
(1649, 'Minggu', '09.00-10.00', 30000, 'PH007'),
(1650, 'Minggu', '10.00-11.00', 30000, 'PH007'),
(1651, 'Minggu', '11.00-12.00', 30000, 'PH007'),
(1652, 'Minggu', '12.00-13.00', 30000, 'PH007'),
(1653, 'Minggu', '13.00-14.00', 30000, 'PH007'),
(1654, 'Minggu', '14.00-15.00', 30000, 'PH007'),
(1655, 'Minggu', '15.00-16.00', 30000, 'PH007'),
(1656, 'Minggu', '16.00-17.00', 30000, 'PH007'),
(1657, 'Minggu', '17.00-18.00', 30000, 'PH007'),
(1658, 'Minggu', '18.00-19.00', 30000, 'PH007'),
(1659, 'Minggu', '19.00-20.00', 30000, 'PH007'),
(1660, 'Minggu', '20.00-21.00', 30000, 'PH007'),
(1661, 'Minggu', '21.00-22.00', 30000, 'PH007'),
(1663, 'Senin', '07.00-08.00', 30000, 'PH008'),
(1664, 'Senin', '08.00-09.00', 30000, 'PH008'),
(1665, 'Senin', '09.00-10.00', 30000, 'PH008'),
(1666, 'Senin', '10.00-11.00', 30000, 'PH008'),
(1667, 'Senin', '11.00-12.00', 30000, 'PH008'),
(1668, 'Senin', '12.00-13.00', 30000, 'PH008'),
(1669, 'Senin', '13.00-14.00', 30000, 'PH008'),
(1670, 'Senin', '14.00-15.00', 30000, 'PH008'),
(1671, 'Senin', '15.00-16.00', 30000, 'PH008'),
(1672, 'Senin', '16.00-17.00', 30000, 'PH008'),
(1673, 'Senin', '17.00-18.00', 30000, 'PH008'),
(1674, 'Senin', '18.00-19.00', 30000, 'PH008'),
(1675, 'Senin', '19.00-20.00', 30000, 'PH008'),
(1676, 'Senin', '20.00-21.00', 30000, 'PH008'),
(1677, 'Senin', '21.00-22.00', 30000, 'PH008'),
(1678, 'Selasa', '07.00-08.00', 30000, 'PH008'),
(1679, 'Selasa', '08.00-09.00', 30000, 'PH008'),
(1680, 'Selasa', '09.00-10.00', 30000, 'PH008'),
(1681, 'Selasa', '10.00-11.00', 30000, 'PH008'),
(1682, 'Selasa', '11.00-12.00', 30000, 'PH008'),
(1683, 'Selasa', '12.00-13.00', 30000, 'PH008'),
(1684, 'Selasa', '13.00-14.00', 30000, 'PH008'),
(1685, 'Selasa', '14.00-15.00', 30000, 'PH008'),
(1686, 'Selasa', '15.00-16.00', 30000, 'PH008'),
(1687, 'Selasa', '16.00-17.00', 30000, 'PH008'),
(1688, 'Selasa', '17.00-18.00', 30000, 'PH008'),
(1689, 'Selasa', '18.00-19.00', 30000, 'PH008'),
(1690, 'Selasa', '19.00-20.00', 30000, 'PH008'),
(1691, 'Selasa', '20.00-21.00', 30000, 'PH008'),
(1692, 'Selasa', '21.00-22.00', 30000, 'PH008'),
(1693, 'Rabu', '07.00-08.00', 30000, 'PH008'),
(1694, 'Rabu', '08.00-09.00', 30000, 'PH008'),
(1695, 'Rabu', '09.00-10.00', 30000, 'PH008'),
(1696, 'Rabu', '10.00-11.00', 30000, 'PH008'),
(1697, 'Rabu', '11.00-12.00', 30000, 'PH008'),
(1698, 'Rabu', '12.00-13.00', 30000, 'PH008'),
(1699, 'Rabu', '13.00-14.00', 30000, 'PH008'),
(1700, 'Rabu', '14.00-15.00', 30000, 'PH008'),
(1701, 'Rabu', '15.00-16.00', 30000, 'PH008'),
(1702, 'Rabu', '16.00-17.00', 30000, 'PH008'),
(1703, 'Rabu', '17.00-18.00', 30000, 'PH008'),
(1704, 'Rabu', '18.00-19.00', 30000, 'PH008'),
(1705, 'Rabu', '19.00-20.00', 30000, 'PH008'),
(1706, 'Rabu', '20.00-21.00', 30000, 'PH008'),
(1707, 'Rabu', '21.00-22.00', 30000, 'PH008'),
(1708, 'Kamis', '07.00-08.00', 30000, 'PH008'),
(1709, 'Kamis', '08.00-09.00', 30000, 'PH008'),
(1710, 'Kamis', '09.00-10.00', 30000, 'PH008'),
(1711, 'Kamis', '10.00-11.00', 30000, 'PH008'),
(1712, 'Kamis', '11.00-12.00', 30000, 'PH008'),
(1713, 'Kamis', '12.00-13.00', 30000, 'PH008'),
(1714, 'Kamis', '13.00-14.00', 30000, 'PH008'),
(1715, 'Kamis', '14.00-15.00', 30000, 'PH008'),
(1716, 'Kamis', '15.00-16.00', 30000, 'PH008'),
(1717, 'Kamis', '16.00-17.00', 30000, 'PH008'),
(1718, 'Kamis', '17.00-18.00', 30000, 'PH008'),
(1719, 'Kamis', '18.00-19.00', 30000, 'PH008'),
(1720, 'Kamis', '19.00-20.00', 30000, 'PH008'),
(1721, 'Kamis', '20.00-21.00', 30000, 'PH008'),
(1722, 'Kamis', '21.00-22.00', 30000, 'PH008'),
(1723, 'Jumat', '07.00-08.00', 30000, 'PH008'),
(1724, 'Jumat', '08.00-09.00', 30000, 'PH008'),
(1725, 'Jumat', '09.00-10.00', 30000, 'PH008'),
(1726, 'Jumat', '10.00-11.00', 30000, 'PH008'),
(1727, 'Jumat', '11.00-12.00', 30000, 'PH008'),
(1728, 'Jumat', '12.00-13.00', 30000, 'PH008'),
(1729, 'Jumat', '13.00-14.00', 30000, 'PH008'),
(1730, 'Jumat', '14.00-15.00', 30000, 'PH008'),
(1731, 'Jumat', '15.00-16.00', 30000, 'PH008'),
(1732, 'Jumat', '16.00-17.00', 30000, 'PH008'),
(1733, 'Jumat', '17.00-18.00', 30000, 'PH008'),
(1734, 'Jumat', '18.00-19.00', 30000, 'PH008'),
(1735, 'Jumat', '19.00-20.00', 30000, 'PH008'),
(1736, 'Jumat', '20.00-21.00', 30000, 'PH008'),
(1737, 'Jumat', '21.00-22.00', 30000, 'PH008'),
(1738, 'Sabtu', '07.00-08.00', 30000, 'PH008'),
(1739, 'Sabtu', '08.00-09.00', 30000, 'PH008'),
(1740, 'Sabtu', '09.00-10.00', 30000, 'PH008'),
(1741, 'Sabtu', '10.00-11.00', 30000, 'PH008'),
(1742, 'Sabtu', '11.00-12.00', 30000, 'PH008'),
(1743, 'Sabtu', '12.00-13.00', 30000, 'PH008'),
(1744, 'Sabtu', '13.00-14.00', 30000, 'PH008'),
(1745, 'Sabtu', '14.00-15.00', 30000, 'PH008'),
(1746, 'Sabtu', '15.00-16.00', 30000, 'PH008'),
(1747, 'Sabtu', '16.00-17.00', 30000, 'PH008'),
(1748, 'Sabtu', '17.00-18.00', 30000, 'PH008'),
(1749, 'Sabtu', '18.00-19.00', 30000, 'PH008'),
(1750, 'Sabtu', '19.00-20.00', 30000, 'PH008'),
(1751, 'Sabtu', '20.00-21.00', 30000, 'PH008'),
(1752, 'Sabtu', '21.00-22.00', 30000, 'PH008'),
(1753, 'Minggu', '07.00-08.00', 30000, 'PH008'),
(1754, 'Minggu', '08.00-09.00', 30000, 'PH008'),
(1755, 'Minggu', '09.00-10.00', 30000, 'PH008'),
(1756, 'Minggu', '10.00-11.00', 30000, 'PH008'),
(1757, 'Minggu', '11.00-12.00', 30000, 'PH008'),
(1758, 'Minggu', '12.00-13.00', 30000, 'PH008'),
(1759, 'Minggu', '13.00-14.00', 30000, 'PH008'),
(1760, 'Minggu', '14.00-15.00', 30000, 'PH008'),
(1761, 'Minggu', '15.00-16.00', 30000, 'PH008'),
(1762, 'Minggu', '16.00-17.00', 30000, 'PH008'),
(1763, 'Minggu', '17.00-18.00', 30000, 'PH008'),
(1764, 'Minggu', '18.00-19.00', 30000, 'PH008'),
(1765, 'Minggu', '19.00-20.00', 30000, 'PH008'),
(1766, 'Minggu', '20.00-21.00', 30000, 'PH008'),
(1767, 'Minggu', '21.00-22.00', 30000, 'PH008'),
(1769, 'Senin', '07.00-08.00', 30000, 'PH009'),
(1770, 'Senin', '08.00-09.00', 30000, 'PH009'),
(1771, 'Senin', '09.00-10.00', 30000, 'PH009'),
(1772, 'Senin', '10.00-11.00', 30000, 'PH009'),
(1773, 'Senin', '11.00-12.00', 30000, 'PH009'),
(1774, 'Senin', '12.00-13.00', 30000, 'PH009'),
(1775, 'Senin', '13.00-14.00', 30000, 'PH009'),
(1776, 'Senin', '14.00-15.00', 30000, 'PH009'),
(1777, 'Senin', '15.00-16.00', 30000, 'PH009'),
(1778, 'Senin', '16.00-17.00', 30000, 'PH009'),
(1779, 'Senin', '17.00-18.00', 30000, 'PH009'),
(1780, 'Senin', '18.00-19.00', 30000, 'PH009'),
(1781, 'Senin', '19.00-20.00', 30000, 'PH009'),
(1782, 'Senin', '20.00-21.00', 30000, 'PH009'),
(1783, 'Senin', '21.00-22.00', 30000, 'PH009'),
(1784, 'Selasa', '07.00-08.00', 30000, 'PH009'),
(1785, 'Selasa', '08.00-09.00', 30000, 'PH009'),
(1786, 'Selasa', '09.00-10.00', 30000, 'PH009'),
(1787, 'Selasa', '10.00-11.00', 30000, 'PH009'),
(1788, 'Selasa', '11.00-12.00', 30000, 'PH009'),
(1789, 'Selasa', '12.00-13.00', 30000, 'PH009'),
(1790, 'Selasa', '13.00-14.00', 30000, 'PH009'),
(1791, 'Selasa', '14.00-15.00', 30000, 'PH009'),
(1792, 'Selasa', '15.00-16.00', 30000, 'PH009'),
(1793, 'Selasa', '16.00-17.00', 30000, 'PH009'),
(1794, 'Selasa', '17.00-18.00', 30000, 'PH009'),
(1795, 'Selasa', '18.00-19.00', 30000, 'PH009'),
(1796, 'Selasa', '19.00-20.00', 30000, 'PH009'),
(1797, 'Selasa', '20.00-21.00', 30000, 'PH009'),
(1798, 'Selasa', '21.00-22.00', 30000, 'PH009'),
(1799, 'Rabu', '07.00-08.00', 30000, 'PH009'),
(1800, 'Rabu', '08.00-09.00', 30000, 'PH009'),
(1801, 'Rabu', '09.00-10.00', 30000, 'PH009'),
(1802, 'Rabu', '10.00-11.00', 30000, 'PH009'),
(1803, 'Rabu', '11.00-12.00', 30000, 'PH009'),
(1804, 'Rabu', '12.00-13.00', 30000, 'PH009'),
(1805, 'Rabu', '13.00-14.00', 30000, 'PH009'),
(1806, 'Rabu', '14.00-15.00', 30000, 'PH009'),
(1807, 'Rabu', '15.00-16.00', 30000, 'PH009'),
(1808, 'Rabu', '16.00-17.00', 30000, 'PH009'),
(1809, 'Rabu', '17.00-18.00', 30000, 'PH009'),
(1810, 'Rabu', '18.00-19.00', 30000, 'PH009'),
(1811, 'Rabu', '19.00-20.00', 30000, 'PH009'),
(1812, 'Rabu', '20.00-21.00', 30000, 'PH009'),
(1813, 'Rabu', '21.00-22.00', 30000, 'PH009'),
(1814, 'Kamis', '07.00-08.00', 30000, 'PH009'),
(1815, 'Kamis', '08.00-09.00', 30000, 'PH009'),
(1816, 'Kamis', '09.00-10.00', 30000, 'PH009'),
(1817, 'Kamis', '10.00-11.00', 30000, 'PH009'),
(1818, 'Kamis', '11.00-12.00', 30000, 'PH009'),
(1819, 'Kamis', '12.00-13.00', 30000, 'PH009'),
(1820, 'Kamis', '13.00-14.00', 30000, 'PH009'),
(1821, 'Kamis', '14.00-15.00', 30000, 'PH009'),
(1822, 'Kamis', '15.00-16.00', 30000, 'PH009'),
(1823, 'Kamis', '16.00-17.00', 30000, 'PH009'),
(1824, 'Kamis', '17.00-18.00', 30000, 'PH009'),
(1825, 'Kamis', '18.00-19.00', 30000, 'PH009'),
(1826, 'Kamis', '19.00-20.00', 30000, 'PH009'),
(1827, 'Kamis', '20.00-21.00', 30000, 'PH009'),
(1828, 'Kamis', '21.00-22.00', 30000, 'PH009'),
(1829, 'Jumat', '07.00-08.00', 30000, 'PH009'),
(1830, 'Jumat', '08.00-09.00', 30000, 'PH009'),
(1831, 'Jumat', '09.00-10.00', 30000, 'PH009'),
(1832, 'Jumat', '10.00-11.00', 30000, 'PH009'),
(1833, 'Jumat', '11.00-12.00', 30000, 'PH009'),
(1834, 'Jumat', '12.00-13.00', 30000, 'PH009'),
(1835, 'Jumat', '13.00-14.00', 30000, 'PH009'),
(1836, 'Jumat', '14.00-15.00', 30000, 'PH009'),
(1837, 'Jumat', '15.00-16.00', 30000, 'PH009'),
(1838, 'Jumat', '16.00-17.00', 30000, 'PH009'),
(1839, 'Jumat', '17.00-18.00', 30000, 'PH009'),
(1840, 'Jumat', '18.00-19.00', 30000, 'PH009'),
(1841, 'Jumat', '19.00-20.00', 30000, 'PH009'),
(1842, 'Jumat', '20.00-21.00', 30000, 'PH009'),
(1843, 'Jumat', '21.00-22.00', 30000, 'PH009'),
(1844, 'Sabtu', '07.00-08.00', 30000, 'PH009'),
(1845, 'Sabtu', '08.00-09.00', 30000, 'PH009'),
(1846, 'Sabtu', '09.00-10.00', 30000, 'PH009'),
(1847, 'Sabtu', '10.00-11.00', 30000, 'PH009'),
(1848, 'Sabtu', '11.00-12.00', 30000, 'PH009'),
(1849, 'Sabtu', '12.00-13.00', 30000, 'PH009'),
(1850, 'Sabtu', '13.00-14.00', 30000, 'PH009'),
(1851, 'Sabtu', '14.00-15.00', 30000, 'PH009'),
(1852, 'Sabtu', '15.00-16.00', 30000, 'PH009'),
(1853, 'Sabtu', '16.00-17.00', 30000, 'PH009'),
(1854, 'Sabtu', '17.00-18.00', 30000, 'PH009'),
(1855, 'Sabtu', '18.00-19.00', 30000, 'PH009'),
(1856, 'Sabtu', '19.00-20.00', 30000, 'PH009'),
(1857, 'Sabtu', '20.00-21.00', 30000, 'PH009'),
(1858, 'Sabtu', '21.00-22.00', 30000, 'PH009'),
(1859, 'Minggu', '07.00-08.00', 30000, 'PH009'),
(1860, 'Minggu', '08.00-09.00', 30000, 'PH009'),
(1861, 'Minggu', '09.00-10.00', 30000, 'PH009'),
(1862, 'Minggu', '10.00-11.00', 30000, 'PH009'),
(1863, 'Minggu', '11.00-12.00', 30000, 'PH009'),
(1864, 'Minggu', '12.00-13.00', 30000, 'PH009'),
(1865, 'Minggu', '13.00-14.00', 30000, 'PH009'),
(1866, 'Minggu', '14.00-15.00', 30000, 'PH009'),
(1867, 'Minggu', '15.00-16.00', 30000, 'PH009'),
(1868, 'Minggu', '16.00-17.00', 30000, 'PH009'),
(1869, 'Minggu', '17.00-18.00', 30000, 'PH009'),
(1870, 'Minggu', '18.00-19.00', 30000, 'PH009'),
(1871, 'Minggu', '19.00-20.00', 30000, 'PH009'),
(1872, 'Minggu', '20.00-21.00', 30000, 'PH009'),
(1873, 'Minggu', '21.00-22.00', 30000, 'PH009'),
(1875, 'Senin', '07.00-08.00', 30000, 'PH010'),
(1876, 'Senin', '08.00-09.00', 30000, 'PH010'),
(1877, 'Senin', '09.00-10.00', 30000, 'PH010'),
(1878, 'Senin', '10.00-11.00', 30000, 'PH010'),
(1879, 'Senin', '11.00-12.00', 30000, 'PH010'),
(1880, 'Senin', '12.00-13.00', 30000, 'PH010'),
(1881, 'Senin', '13.00-14.00', 30000, 'PH010'),
(1882, 'Senin', '14.00-15.00', 30000, 'PH010'),
(1883, 'Senin', '15.00-16.00', 30000, 'PH010'),
(1884, 'Senin', '16.00-17.00', 30000, 'PH010'),
(1885, 'Senin', '17.00-18.00', 30000, 'PH010'),
(1886, 'Senin', '18.00-19.00', 30000, 'PH010'),
(1887, 'Senin', '19.00-20.00', 30000, 'PH010'),
(1888, 'Senin', '20.00-21.00', 30000, 'PH010'),
(1889, 'Senin', '21.00-22.00', 30000, 'PH010'),
(1890, 'Selasa', '07.00-08.00', 30000, 'PH010'),
(1891, 'Selasa', '08.00-09.00', 30000, 'PH010'),
(1892, 'Selasa', '09.00-10.00', 30000, 'PH010'),
(1893, 'Selasa', '10.00-11.00', 30000, 'PH010'),
(1894, 'Selasa', '11.00-12.00', 30000, 'PH010'),
(1895, 'Selasa', '12.00-13.00', 30000, 'PH010'),
(1896, 'Selasa', '13.00-14.00', 30000, 'PH010'),
(1897, 'Selasa', '14.00-15.00', 30000, 'PH010'),
(1898, 'Selasa', '15.00-16.00', 30000, 'PH010'),
(1899, 'Selasa', '16.00-17.00', 30000, 'PH010'),
(1900, 'Selasa', '17.00-18.00', 30000, 'PH010'),
(1901, 'Selasa', '18.00-19.00', 30000, 'PH010'),
(1902, 'Selasa', '19.00-20.00', 30000, 'PH010'),
(1903, 'Selasa', '20.00-21.00', 30000, 'PH010'),
(1904, 'Selasa', '21.00-22.00', 30000, 'PH010'),
(1905, 'Rabu', '07.00-08.00', 30000, 'PH010'),
(1906, 'Rabu', '08.00-09.00', 30000, 'PH010'),
(1907, 'Rabu', '09.00-10.00', 30000, 'PH010'),
(1908, 'Rabu', '10.00-11.00', 30000, 'PH010'),
(1909, 'Rabu', '11.00-12.00', 30000, 'PH010'),
(1910, 'Rabu', '12.00-13.00', 30000, 'PH010'),
(1911, 'Rabu', '13.00-14.00', 30000, 'PH010'),
(1912, 'Rabu', '14.00-15.00', 30000, 'PH010'),
(1913, 'Rabu', '15.00-16.00', 30000, 'PH010'),
(1914, 'Rabu', '16.00-17.00', 30000, 'PH010'),
(1915, 'Rabu', '17.00-18.00', 30000, 'PH010'),
(1916, 'Rabu', '18.00-19.00', 30000, 'PH010'),
(1917, 'Rabu', '19.00-20.00', 30000, 'PH010'),
(1918, 'Rabu', '20.00-21.00', 30000, 'PH010'),
(1919, 'Rabu', '21.00-22.00', 30000, 'PH010'),
(1920, 'Kamis', '07.00-08.00', 30000, 'PH010'),
(1921, 'Kamis', '08.00-09.00', 30000, 'PH010'),
(1922, 'Kamis', '09.00-10.00', 30000, 'PH010'),
(1923, 'Kamis', '10.00-11.00', 30000, 'PH010'),
(1924, 'Kamis', '11.00-12.00', 30000, 'PH010'),
(1925, 'Kamis', '12.00-13.00', 30000, 'PH010'),
(1926, 'Kamis', '13.00-14.00', 30000, 'PH010'),
(1927, 'Kamis', '14.00-15.00', 30000, 'PH010'),
(1928, 'Kamis', '15.00-16.00', 30000, 'PH010'),
(1929, 'Kamis', '16.00-17.00', 30000, 'PH010'),
(1930, 'Kamis', '17.00-18.00', 30000, 'PH010'),
(1931, 'Kamis', '18.00-19.00', 30000, 'PH010'),
(1932, 'Kamis', '19.00-20.00', 30000, 'PH010'),
(1933, 'Kamis', '20.00-21.00', 30000, 'PH010'),
(1934, 'Kamis', '21.00-22.00', 30000, 'PH010'),
(1935, 'Jumat', '07.00-08.00', 30000, 'PH010'),
(1936, 'Jumat', '08.00-09.00', 30000, 'PH010'),
(1937, 'Jumat', '09.00-10.00', 30000, 'PH010'),
(1938, 'Jumat', '10.00-11.00', 30000, 'PH010'),
(1939, 'Jumat', '11.00-12.00', 30000, 'PH010'),
(1940, 'Jumat', '12.00-13.00', 30000, 'PH010'),
(1941, 'Jumat', '13.00-14.00', 30000, 'PH010'),
(1942, 'Jumat', '14.00-15.00', 30000, 'PH010'),
(1943, 'Jumat', '15.00-16.00', 30000, 'PH010'),
(1944, 'Jumat', '16.00-17.00', 30000, 'PH010'),
(1945, 'Jumat', '17.00-18.00', 30000, 'PH010'),
(1946, 'Jumat', '18.00-19.00', 30000, 'PH010'),
(1947, 'Jumat', '19.00-20.00', 30000, 'PH010'),
(1948, 'Jumat', '20.00-21.00', 30000, 'PH010'),
(1949, 'Jumat', '21.00-22.00', 30000, 'PH010'),
(1950, 'Sabtu', '07.00-08.00', 30000, 'PH010'),
(1951, 'Sabtu', '08.00-09.00', 30000, 'PH010'),
(1952, 'Sabtu', '09.00-10.00', 30000, 'PH010'),
(1953, 'Sabtu', '10.00-11.00', 30000, 'PH010'),
(1954, 'Sabtu', '11.00-12.00', 30000, 'PH010'),
(1955, 'Sabtu', '12.00-13.00', 30000, 'PH010'),
(1956, 'Sabtu', '13.00-14.00', 30000, 'PH010'),
(1957, 'Sabtu', '14.00-15.00', 30000, 'PH010'),
(1958, 'Sabtu', '15.00-16.00', 30000, 'PH010'),
(1959, 'Sabtu', '16.00-17.00', 30000, 'PH010'),
(1960, 'Sabtu', '17.00-18.00', 30000, 'PH010'),
(1961, 'Sabtu', '18.00-19.00', 30000, 'PH010'),
(1962, 'Sabtu', '19.00-20.00', 30000, 'PH010'),
(1963, 'Sabtu', '20.00-21.00', 30000, 'PH010'),
(1964, 'Sabtu', '21.00-22.00', 30000, 'PH010'),
(1965, 'Minggu', '07.00-08.00', 30000, 'PH010'),
(1966, 'Minggu', '08.00-09.00', 30000, 'PH010'),
(1967, 'Minggu', '09.00-10.00', 30000, 'PH010'),
(1968, 'Minggu', '10.00-11.00', 30000, 'PH010'),
(1969, 'Minggu', '11.00-12.00', 30000, 'PH010'),
(1970, 'Minggu', '12.00-13.00', 30000, 'PH010'),
(1971, 'Minggu', '13.00-14.00', 30000, 'PH010'),
(1972, 'Minggu', '14.00-15.00', 30000, 'PH010'),
(1973, 'Minggu', '15.00-16.00', 30000, 'PH010'),
(1974, 'Minggu', '16.00-17.00', 30000, 'PH010'),
(1975, 'Minggu', '17.00-18.00', 30000, 'PH010'),
(1976, 'Minggu', '18.00-19.00', 30000, 'PH010'),
(1977, 'Minggu', '19.00-20.00', 30000, 'PH010'),
(1978, 'Minggu', '20.00-21.00', 30000, 'PH010'),
(1979, 'Minggu', '21.00-22.00', 30000, 'PH010');

-- --------------------------------------------------------

--
-- Table structure for table `ref_opt`
--

CREATE TABLE `ref_opt` (
  `Opt_Id` int(11) NOT NULL,
  `Opt_Nama` varchar(255) NOT NULL,
  `Opt_Value` varchar(255) NOT NULL,
  `Opt_Satuan` varchar(255) NOT NULL
) ENGINE=InnoDB DEFAULT CHARSET=latin1;

--
-- Dumping data for table `ref_opt`
--

INSERT INTO `ref_opt` (`Opt_Id`, `Opt_Nama`, `Opt_Value`, `Opt_Satuan`) VALUES
(1, 'batas', '60', 'Menit');

-- --------------------------------------------------------

--
-- Table structure for table `ref_sor`
--

CREATE TABLE `ref_sor` (
  `Sor_Kode` varchar(5) NOT NULL,
  `Sor_Nama` varchar(30) NOT NULL,
  `Sor_Tipe` varchar(10) NOT NULL,
  `Cabor_Kode` varchar(2) NOT NULL
) ENGINE=InnoDB DEFAULT CHARSET=latin1;

--
-- Dumping data for table `ref_sor`
--

INSERT INTO `ref_sor` (`Sor_Kode`, `Sor_Nama`, `Sor_Tipe`, `Cabor_Kode`) VALUES
('BS001', 'Basket A', 'B', 'BS'),
('BT001', 'Bulu Tangkis A', 'B', 'BT'),
('BT002', 'Bulu Tangkis B', 'B', 'BT'),
('BV001', 'Bola Voli A', 'B', 'BV'),
('FS001', 'Futsal A', 'B', 'FS'),
('FS002', 'Futsal B', 'B', 'FS'),
('GY001', 'Gym', 'T', 'GY'),
('PH001', 'Panahan 1', 'B', 'PH'),
('PH002', 'Panahan 2', 'B', 'PH'),
('PH003', 'Panahan 3', 'B', 'PH'),
('PH004', 'Panahan 4', 'B', 'PH'),
('PH005', 'Panahan 5', 'B', 'PH'),
('PH006', 'Panahan 6', 'B', 'PH'),
('PH007', 'Panahan 7', 'B', 'PH'),
('PH008', 'Panahan 8', 'B', 'PH'),
('PH009', 'Panahan 9', 'B', 'PH'),
('PH010', 'Panahan 10', 'B', 'PH'),
('RN001', 'Renang', 'T', 'RN'),
('TM001', 'Tenis Meja A ', 'B', 'TM');

-- --------------------------------------------------------

--
-- Table structure for table `users`
--

CREATE TABLE `users` (
  `id` int(11) UNSIGNED NOT NULL,
  `ip_address` varchar(45) NOT NULL,
  `username` varchar(100) DEFAULT NULL,
  `password` varchar(255) NOT NULL,
  `salt` varchar(255) DEFAULT NULL,
  `email` varchar(254) NOT NULL,
  `activation_code` varchar(40) DEFAULT NULL,
  `forgotten_password_code` varchar(40) DEFAULT NULL,
  `forgotten_password_time` int(11) UNSIGNED DEFAULT NULL,
  `remember_code` varchar(40) DEFAULT NULL,
  `created_on` int(11) UNSIGNED NOT NULL,
  `last_login` int(11) UNSIGNED DEFAULT NULL,
  `active` tinyint(1) UNSIGNED DEFAULT NULL,
  `first_name` varchar(255) DEFAULT NULL,
  `last_name` varchar(50) DEFAULT NULL,
  `company` varchar(100) DEFAULT NULL,
  `phone` varchar(20) DEFAULT NULL,
  `level` tinyint(4) NOT NULL
) ENGINE=InnoDB DEFAULT CHARSET=utf8;

--
-- Dumping data for table `users`
--

INSERT INTO `users` (`id`, `ip_address`, `username`, `password`, `salt`, `email`, `activation_code`, `forgotten_password_code`, `forgotten_password_time`, `remember_code`, `created_on`, `last_login`, `active`, `first_name`, `last_name`, `company`, `phone`, `level`) VALUES
(1, '127.0.0.1', 'administrator', '$2a$07$SeBknntpZror9uyftVopmu61qg0ms8Qv1yV6FG.kQOSM.9QhmTo36', '', 'info@racism.web.id', '', NULL, NULL, NULL, 1268889823, 1515905404, 1, 'Admin', 'istrator', 'ADMIN', '0', 1);

-- --------------------------------------------------------

--
-- Table structure for table `users_groups`
--

CREATE TABLE `users_groups` (
  `id` int(11) UNSIGNED NOT NULL,
  `user_id` int(11) UNSIGNED NOT NULL,
  `group_id` mediumint(8) UNSIGNED NOT NULL
) ENGINE=InnoDB DEFAULT CHARSET=utf8;

--
-- Dumping data for table `users_groups`
--

INSERT INTO `users_groups` (`id`, `user_id`, `group_id`) VALUES
(1, 1, 1),
(2, 1, 2);

--
-- Indexes for dumped tables
--

--
-- Indexes for table `dat_booking`
--
ALTER TABLE `dat_booking`
  ADD PRIMARY KEY (`Booking_Kode`);

--
-- Indexes for table `dat_booking_detail`
--
ALTER TABLE `dat_booking_detail`
  ADD PRIMARY KEY (`Detail_Id`);

--
-- Indexes for table `dat_trans`
--
ALTER TABLE `dat_trans`
  ADD PRIMARY KEY (`Trans_Kode`);

--
-- Indexes for table `groups`
--
ALTER TABLE `groups`
  ADD PRIMARY KEY (`id`);

--
-- Indexes for table `login_attempts`
--
ALTER TABLE `login_attempts`
  ADD PRIMARY KEY (`id`);

--
-- Indexes for table `ref_cabor`
--
ALTER TABLE `ref_cabor`
  ADD PRIMARY KEY (`Cabor_Kode`);

--
-- Indexes for table `ref_harga`
--
ALTER TABLE `ref_harga`
  ADD PRIMARY KEY (`Harga_Id`);

--
-- Indexes for table `ref_opt`
--
ALTER TABLE `ref_opt`
  ADD PRIMARY KEY (`Opt_Id`);

--
-- Indexes for table `ref_sor`
--
ALTER TABLE `ref_sor`
  ADD PRIMARY KEY (`Sor_Kode`);

--
-- Indexes for table `users`
--
ALTER TABLE `users`
  ADD PRIMARY KEY (`id`);

--
-- Indexes for table `users_groups`
--
ALTER TABLE `users_groups`
  ADD PRIMARY KEY (`id`),
  ADD UNIQUE KEY `uc_users_groups` (`user_id`,`group_id`),
  ADD KEY `fk_users_groups_users1_idx` (`user_id`),
  ADD KEY `fk_users_groups_groups1_idx` (`group_id`);

--
-- AUTO_INCREMENT for dumped tables
--

--
-- AUTO_INCREMENT for table `dat_booking_detail`
--
ALTER TABLE `dat_booking_detail`
  MODIFY `Detail_Id` int(13) NOT NULL AUTO_INCREMENT;
--
-- AUTO_INCREMENT for table `groups`
--
ALTER TABLE `groups`
  MODIFY `id` mediumint(8) UNSIGNED NOT NULL AUTO_INCREMENT, AUTO_INCREMENT=3;
--
-- AUTO_INCREMENT for table `login_attempts`
--
ALTER TABLE `login_attempts`
  MODIFY `id` int(11) UNSIGNED NOT NULL AUTO_INCREMENT;
--
-- AUTO_INCREMENT for table `ref_harga`
--
ALTER TABLE `ref_harga`
  MODIFY `Harga_Id` int(11) NOT NULL AUTO_INCREMENT, AUTO_INCREMENT=1980;
--
-- AUTO_INCREMENT for table `ref_opt`
--
ALTER TABLE `ref_opt`
  MODIFY `Opt_Id` int(11) NOT NULL AUTO_INCREMENT, AUTO_INCREMENT=2;
--
-- AUTO_INCREMENT for table `users`
--
ALTER TABLE `users`
  MODIFY `id` int(11) UNSIGNED NOT NULL AUTO_INCREMENT, AUTO_INCREMENT=84;
--
-- AUTO_INCREMENT for table `users_groups`
--
ALTER TABLE `users_groups`
  MODIFY `id` int(11) UNSIGNED NOT NULL AUTO_INCREMENT, AUTO_INCREMENT=3;
--
-- Constraints for dumped tables
--

--
-- Constraints for table `users_groups`
--
ALTER TABLE `users_groups`
  ADD CONSTRAINT `fk_users_groups_groups1` FOREIGN KEY (`group_id`) REFERENCES `groups` (`id`) ON DELETE CASCADE ON UPDATE NO ACTION,
  ADD CONSTRAINT `fk_users_groups_users1` FOREIGN KEY (`user_id`) REFERENCES `users` (`id`) ON DELETE CASCADE ON UPDATE NO ACTION;
COMMIT;

/*!40101 SET CHARACTER_SET_CLIENT=@OLD_CHARACTER_SET_CLIENT */;
/*!40101 SET CHARACTER_SET_RESULTS=@OLD_CHARACTER_SET_RESULTS */;
/*!40101 SET COLLATION_CONNECTION=@OLD_COLLATION_CONNECTION */;
